id,lung,sup,rtr,id_nodo1,id_nodo2,venezia,cementificato,prof_md1,data1,prof_md2,data2,prof_md3,data3
3001,135.84,3974.22,F,1017,1024,F,F,-1.84,1999/04/29,0.00,,0.00,
3002,146.73,5643.39,F,1029,1024,F,F,-1.88,1999/04/29,0.00,,0.00,
3003,137.18,1152.71,F,1006,1015,F,F,-1.45,1999/04/26,0.00,,0.00,
3004,235.89,2101.46,F,1015,1027,F,F,-1.63,1999/04/26,0.00,,0.00,
3005,269.67,3457.14,F,1015,1008,F,F,-1.13,1998/09/10,0.00,,0.00,
3006,170.39,1752.42,F,1003,1008,F,F,-1.84,1999/04/28,0.00,,0.00,
3007,193.16,2755.97,F,1008,1019,F,F,-1.57,1999/04/28,0.00,,0.00,
3008,181.91,2740.18,F,1012,1010,F,F,-0.51,1998/09/01,0.00,,0.00,
3009,113.28,1280.54,F,1010,1016,F,F,0.00,,0.00,,0.00,
3010,126.05,1906.95,F,1007,1010,F,F,-0.94,1998/09/01,0.00,,0.00,
3011,171.66,3403.93,F,1007,1018,F,F,-1.51,2000/10/05,0.00,,0.00,
3012,93.16,1450.76,F,1005,1007,F,F,-1.11,1998/09/01,0.00,,0.00,
3013,134.21,11459.81,F,1002,1005,F,F,-1.64,1998/09/01,0.00,,0.00,
3014,183.16,16106.78,F,1005,1014,F,F,0.00,,0.00,,0.00,
2001,187.35,9824.56,F,224,195,T,F,0.00,,0.00,,0.00,
2002,75.93,953.68,F,225,238,T,F,0.00,,0.00,,0.00,
2003,119.34,1354.04,F,214,225,T,F,0.00,,-1.12,2002/12/18,0.00,
2004,136.12,1641.77,F,207,193,T,F,-1.90,2000/07/28,-1.65,2002/12/18,0.00,
2005,145.08,1776.87,F,175,193,T,F,-1.65,2000/07/27,-1.50,2002/12/18,0.00,
2006,72.93,839.15,F,167,171,T,F,-0.87,1998/09/09,-1.46,2002/12/18,0.00,
2007,84.52,970.06,F,163,167,T,F,-0.95,1998/09/09,-0.98,2002/12/18,0.00,
2008,178.94,1490.39,F,152,163,T,F,-1.30,1998/09/09,-1.17,2002/12/18,0.00,
2009,26.60,260.28,F,144,141,T,F,-1.63,2000/07/27,-1.63,2002/12/18,0.00,
2010,69.85,572.52,F,150,161,T,F,0.00,,0.00,,0.00,
2011,44.97,553.07,F,152,161,T,F,-1.73,2000/07/27,-1.50,2002/12/18,0.00,
2012,60.23,612.83,F,144,152,T,F,-1.68,2000/07/27,-1.69,2002/12/18,0.00,
2013,66.60,713.62,F,161,175,T,F,-1.49,2000/07/27,-1.38,2002/12/18,0.00,
2014,64.23,761.09,F,154,158,T,F,-2.12,2000/12/23,0.00,,0.00,
2015,132.02,1013.04,F,204,209,T,F,-1.07,2000/09/14,0.00,,0.00,
2016,152.48,1168.84,F,221,230,T,F,-1.26,1999/05/13,0.00,,0.00,
2017,53.25,633.48,F,251,253,T,F,-1.49,2000/09/13,0.00,,0.00,
2018,150.34,1994.58,F,253,255,T,F,-1.55,2000/09/13,0.00,,0.00,
2019,53.81,771.00,F,255,258,T,F,-1.59,2000/09/15,0.00,,0.00,
2020,41.53,335.78,F,196,208,T,T,-1.15,1995/09/08,-1.53,2003/02/20,0.00,
2021,38.73,199.68,F,194,198,T,F,-1.71,1999/04/26,-1.40,2003/02/20,0.00,
2022,122.77,1268.47,F,139,158,T,F,-0.84,1997/04/09,-1.37,2002/12/18,0.00,
2023,76.93,807.45,F,17,19,T,F,-0.94,1997/08/27,-1.86,2002/12/18,0.00,
2024,86.92,469.34,F,12,19,T,F,-1.15,2000/09/25,-1.24,2002/12/18,0.00,
2025,74.35,860.54,F,8,12,T,F,0.00,,-1.44,2002/12/18,0.00,
2026,91.02,536.77,F,7,8,T,F,-1.41,1999/03/12,-1.36,2002/12/18,0.00,
2027,160.22,1965.00,F,3,7,T,F,-1.30,1999/03/12,-1.40,2002/12/18,0.00,
2028,185.82,1865.29,F,7,9,T,F,-1.29,1998/10/11,-1.59,2002/12/18,0.00,
2029,82.42,625.13,F,9,15,T,F,-0.93,2000/09/21,-0.95,2002/12/18,0.00,
2030,90.02,902.76,F,12,15,T,F,0.00,,-1.35,2002/12/18,0.00,
2031,173.09,1738.19,F,15,23,T,F,0.00,,-1.34,2002/12/18,0.00,
2032,86.46,676.00,F,18,23,T,F,0.00,,-1.24,2002/12/18,0.00,
2033,179.26,2271.28,F,9,18,T,F,-1.23,1998/10/11,-1.53,2002/12/18,0.00,
2034,23.88,265.51,F,18,20,T,F,-1.48,2000/05/01,-1.53,2002/12/18,0.00,
2035,99.10,2311.40,F,25,33,T,F,-1.58,1999/05/01,0.00,,0.00,
2036,192.86,2486.64,F,23,33,T,F,0.00,,-1.33,2002/12/18,0.00,
2037,45.54,1427.41,F,33,36,T,F,-1.84,1999/05/01,0.00,,0.00,
2038,50.20,564.61,F,36,39,T,F,-1.69,1999/05/01,0.00,,0.00,
2039,209.82,1798.69,F,24,39,T,F,-1.09,1997/08/27,-1.58,2002/12/18,0.00,
2040,173.90,1621.71,F,21,24,T,F,-1.12,1997/08/27,-1.73,2002/12/18,0.00,
2041,30.80,322.21,F,19,21,T,F,-0.96,1997/08/27,-2.04,2002/12/18,0.00,
2042,94.23,855.27,F,21,26,T,F,-1.21,1999/03/16,-1.26,2002/12/18,0.00,
2043,45.93,212.04,F,24,28,T,F,-0.91,1999/03/15,-1.41,2002/12/18,0.00,
2044,49.64,305.09,F,28,31,T,F,-0.58,1999/03/15,-1.19,2002/12/18,0.00,
2045,37.27,512.18,F,39,40,T,F,-1.82,1999/05/01,0.00,,0.00,
2046,185.36,1321.88,F,28,40,T,F,-0.67,1998/12/01,-1.30,2002/12/18,0.00,
2047,100.18,873.28,F,36,48,T,F,-1.39,1999/03/19,0.00,,0.00,
2048,44.22,339.40,F,49,52,T,F,0.00,,-1.52,2002/12/18,0.00,
2049,76.69,593.64,F,43,49,T,F,0.00,,-1.44,2002/12/18,0.00,
2050,77.87,315.63,F,37,43,T,F,-0.79,1998/10/09,-1.30,2002/12/18,0.00,
2051,71.94,524.87,F,37,33,T,F,-1.08,1998/10/09,-1.75,2002/12/18,0.00,
2052,99.09,1028.90,F,37,41,T,F,-1.12,1998/09/01,-1.60,2002/12/18,0.00,
2053,74.31,580.37,F,41,52,T,F,-1.30,1999/03/13,-1.40,2002/12/18,0.00,
2054,163.97,1730.56,F,41,50,T,F,-1.19,1998/09/01,-1.58,2002/12/18,0.00,
2055,134.07,2399.80,F,34,50,T,F,-1.43,1999/04/19,-1.41,2002/12/18,0.00,
2056,53.81,537.71,F,50,58,T,F,-1.66,1999/04/19,-1.71,2002/12/18,0.00,
2057,172.74,1208.20,F,52,58,T,F,-1.46,1999/04/19,-1.29,2002/12/18,0.00,
2058,46.73,512.18,F,98,102,T,F,-1.21,1998/01/06,-1.61,2002/12/18,0.00,
2059,19.91,211.39,F,97,98,T,F,-1.24,1998/01/06,-1.60,2002/12/18,0.00,
2060,94.79,604.39,F,82,97,T,F,-0.88,1999/04/17,-1.00,2002/12/18,0.00,
2061,30.24,508.86,F,102,104,T,F,-1.34,1998/01/06,0.00,,0.00,
2062,95.23,887.76,F,104,110,T,F,-0.93,1998/01/06,-1.48,2002/12/18,0.00,
2063,45.26,331.63,F,110,114,T,F,-1.11,,-1.44,2002/12/18,0.00,
2064,82.97,510.94,F,114,131,T,F,-0.97,,-1.70,2002/12/18,0.00,
2065,168.26,1080.75,F,131,145,T,F,-0.71,,-1.54,2002/12/18,0.00,
2066,40.44,231.21,F,119,126,T,F,-0.09,,0.00,,0.00,
2067,106.02,403.77,F,98,119,T,F,-0.41,,0.00,,0.00,
2068,129.30,985.65,F,104,126,T,F,-1.66,2000/03/30,-1.64,2002/12/18,0.00,
2069,81.54,551.61,F,153,145,T,F,-1.66,1998/01/01,-1.61,2002/12/18,0.00,
2070,43.06,181.35,F,164,166,T,F,-0.74,1998/09/01,0.00,,0.00,
2071,150.04,1148.35,F,130,114,T,F,-0.96,1998/09/30,-1.52,2002/12/18,0.00,
2072,54.09,519.47,F,118,130,T,F,-1.55,1997/04/30,0.00,,0.00,
2073,184.94,1322.49,F,118,114,T,F,-0.71,,-1.43,2002/12/18,0.00,
2074,15.24,86.11,F,157,159,T,F,-1.59,2000/10/20,0.00,,0.00,
2075,101.50,701.30,F,157,143,T,F,-1.34,2000/10/20,-1.31,2003/02/20,0.00,
2076,39.15,198.56,F,157,160,T,F,-1.10,2000/10/20,-1.21,2003/02/20,0.00,
2077,29.88,238.27,F,174,180,T,F,-1.53,2000/10/20,-1.26,2003/02/20,0.00,
2078,33.82,189.99,F,182,185,T,T,-1.44,1995/01/26,-1.69,2003/02/20,0.00,
2079,37.83,433.38,F,208,211,T,T,-1.22,1995/09/08,-1.52,2003/02/20,0.00,
2080,67.46,507.34,F,213,226,T,F,-1.69,2000/11/11,-1.68,2003/02/20,0.00,
2081,126.61,892.28,F,205,213,T,F,-1.40,2000/11/15,-1.27,2003/02/20,0.00,
2082,54.40,468.83,F,205,215,T,F,-1.44,2000/11/15,-1.39,2003/02/20,0.00,
2083,191.87,2495.34,F,130,162,T,F,-1.40,1997/04/30,0.00,,0.00,
2084,210.25,2719.06,F,162,200,T,F,-1.50,1997/04/30,0.00,,0.00,
2085,82.36,424.50,F,162,164,T,F,-1.26,1997/04/30,0.00,,0.00,
2086,94.20,1000.37,F,118,121,T,F,-1.38,1997/04/30,0.00,,0.00,
2087,26.67,124.24,F,186,188,T,F,-1.47,1999/03/31,-1.48,2002/12/18,0.00,
2088,97.36,336.77,F,186,190,T,F,-1.07,1999/03/31,-1.07,2002/12/18,0.00,
2089,80.26,3293.77,F,176,190,T,F,0.00,,0.00,,0.00,
2090,79.96,1358.45,F,179,176,T,F,0.00,,0.00,,0.00,
2091,229.18,3422.17,F,81,121,T,F,-1.62,2002/02/25,0.00,,0.00,
2092,64.59,631.70,F,217,233,T,F,-1.13,2000/10/20,-1.57,2002/12/18,0.00,
2093,29.25,240.53,F,233,234,T,F,-1.40,2000/10/20,-1.37,2002/12/18,0.00,
2094,109.42,878.04,F,232,233,T,F,-1.25,2000/10/20,-1.19,2002/12/18,0.00,
2095,93.97,953.35,F,228,232,T,F,-1.21,2000/10/20,-1.31,2002/12/18,0.00,
2096,61.62,946.07,F,181,184,T,F,-1.31,2000/10/20,-1.47,2002/12/18,0.00,
2097,95.54,1024.03,F,184,191,T,F,-1.50,2000/10/20,-1.56,2002/12/18,0.00,
2098,205.50,9439.03,F,191,228,T,F,-1.40,1999/04/10,0.00,,0.00,
2099,103.49,5051.35,F,228,244,T,F,-1.63,1999/04/10,0.00,,0.00,
2100,216.07,6934.02,F,223,244,T,F,-1.61,2000/12/04,0.00,,0.00,
2101,141.87,6571.23,F,173,191,T,F,-1.67,1999/04/10,0.00,,0.00,
3015,136.45,1480.21,F,1031,1048,F,F,0.00,,0.00,,0.00,
3016,254.48,20603.23,F,1033,1050,F,F,0.00,,0.00,,0.00,
3017,79.51,619.89,F,1080,1082,F,F,0.00,,0.00,,0.00,
3018,318.78,3265.81,F,1065,1036,F,F,0.00,,0.00,,0.00,
3019,248.90,2832.23,F,1066,1037,F,F,0.00,,0.00,,0.00,
3020,309.60,6212.18,F,1067,1038,F,F,0.00,,0.00,,0.00,
3021,277.12,4812.30,F,1039,1077,F,F,0.00,,0.00,,0.00,
3022,141.32,1667.91,F,1039,1040,F,F,0.00,,0.00,,0.00,
3023,61.50,979.14,F,1041,1079,F,F,0.00,,0.00,,0.00,
3024,106.31,1123.99,F,1042,1041,F,F,0.00,,0.00,,0.00,
3025,119.25,2384.20,F,1042,1043,F,F,0.00,,0.00,,0.00,
3026,100.02,1205.10,F,1043,1044,F,F,0.00,,0.00,,0.00,
3027,311.29,4629.89,F,1040,1111,F,F,0.00,,0.00,,0.00,
3028,193.33,4421.79,F,1083,1084,F,F,0.00,,0.00,,0.00,
3029,89.45,1415.14,F,1028,1026,F,F,-0.75,1998/09/01,0.00,,0.00,
3030,95.53,1381.39,F,1022,1026,F,F,-1.18,1999/04/28,0.00,,0.00,
3031,154.64,1459.40,F,1011,1022,F,F,0.00,,0.00,,0.00,
3032,67.50,413.15,F,1025,1026,F,F,-1.15,1998/09/01,0.00,,0.00,
3033,180.98,2706.49,F,1022,1024,F,F,-1.24,1999/04/28,0.00,,0.00,
2102,131.34,1229.84,F,281,127,T,F,0.00,,0.00,,0.00,
2103,71.62,457.20,F,283,154,T,F,0.00,,0.00,,0.00,
2104,155.01,2213.90,F,154,280,T,F,-2.38,1999/05/01,0.00,,0.00,
2105,89.91,1353.60,F,280,141,T,F,-2.64,1999/05/01,0.00,,0.00,
2106,182.24,1264.42,F,144,284,T,F,0.00,,-1.20,2002/12/18,0.00,
2107,57.60,324.23,F,163,284,T,F,0.00,,0.00,,0.00,
2108,71.69,835.48,F,167,275,T,F,0.00,,-1.21,2002/12/18,0.00,
2109,188.71,2405.54,F,175,275,T,F,0.00,,-1.21,2002/12/18,0.00,
2110,42.76,412.09,F,203,276,T,F,0.00,,0.00,,0.00,
2111,104.60,815.04,F,203,277,T,F,-0.81,1999/03/23,0.00,,0.00,
2112,77.54,745.88,F,225,277,T,F,0.00,,-1.05,2002/12/18,0.00,
2113,126.06,1172.11,F,214,278,T,F,0.00,,-1.04,2002/12/18,0.00,
2114,89.84,723.26,F,207,278,T,F,0.00,,-1.19,2002/12/18,0.00,
2115,134.92,1425.21,F,207,271,T,F,-1.78,2000/07/31,-1.64,2002/12/18,0.00,
2116,127.19,1375.76,F,252,271,T,F,-1.62,2000/07/31,-1.57,2002/12/18,0.00,
2117,101.77,994.88,F,230,269,T,F,-1.51,2000/09/14,0.00,,0.00,
2118,59.05,599.49,F,230,270,T,F,-1.49,2000/09/13,0.00,,0.00,
2119,141.02,1067.81,F,251,270,T,F,-1.35,2000/09/13,0.00,,0.00,
2120,78.21,499.59,F,273,253,T,F,-1.36,1999/05/13,0.00,,0.00,
2121,55.27,457.88,F,273,272,T,F,-1.17,1999/05/13,0.00,,0.00,
2122,86.26,682.52,F,209,269,T,F,-1.41,2000/09/14,0.00,,0.00,
2123,169.72,1984.37,F,279,193,T,F,0.00,,-1.33,2002/12/18,0.00,
2124,122.26,1226.85,F,154,279,T,F,0.00,,-1.28,2002/12/18,0.00,
2125,148.38,2000.42,F,285,158,T,T,-2.15,2000/12/23,-1.15,2002/12/18,0.00,
2126,169.04,745.16,F,286,139,T,F,-0.73,1997/10/29,-1.27,2002/12/18,0.00,
2127,59.09,294.37,F,331,196,T,T,-0.93,1995/06/28,-1.12,2003/02/20,0.00,
2128,110.56,595.70,F,331,182,T,T,-0.86,1995/06/28,-1.25,2003/02/20,0.00,
2129,42.76,177.33,F,330,198,T,F,0.00,,-0.97,2003/02/20,0.00,
2130,43.25,160.06,F,198,327,T,F,0.00,,-1.03,2003/02/20,0.00,
2131,38.17,140.81,F,328,327,T,F,0.00,,-1.06,2003/02/20,0.00,
2132,43.34,247.87,F,194,339,T,F,-1.67,1999/04/26,0.00,,0.00,
2133,24.81,115.21,F,329,208,T,T,-1.03,1995/05/08,-1.71,2003/02/20,0.00,
2134,21.55,187.23,F,174,342,T,F,-1.58,2000/10/20,-1.52,2003/02/20,0.00,
2135,80.94,460.61,F,159,342,T,F,-1.38,2000/10/20,-1.39,2003/02/20,0.00,
2136,30.74,134.86,F,341,183,T,F,-0.83,2000/10/20,-0.68,2003/02/20,0.00,
2137,38.38,214.55,F,340,341,T,F,-0.89,2000/10/20,-0.69,2003/02/20,0.00,
2138,61.68,316.06,F,340,160,T,F,-1.01,2000/10/20,-0.91,2003/02/20,0.00,
2139,54.64,384.91,F,306,143,T,F,0.00,,0.00,,0.00,
2140,38.88,352.90,F,306,307,T,F,-1.80,1998/01/01,0.00,,0.00,
2141,81.83,771.87,F,308,307,T,F,-1.61,1998/01/01,0.00,,0.00,
2142,26.02,225.81,F,308,153,T,F,-1.59,1998/01/01,0.00,,0.00,
2143,67.05,276.18,F,310,145,T,F,-0.42,,-1.43,2002/12/18,0.00,
2144,29.30,149.73,F,310,311,T,F,-0.16,,-1.40,2002/12/18,0.00,
2145,112.23,492.98,F,311,166,T,F,-0.11,,-1.29,2002/12/18,0.00,
2146,47.71,269.25,F,313,166,T,F,-0.74,1998/09/01,-0.95,2002/12/18,0.00,
2147,15.80,71.43,F,312,313,T,F,-1.00,1998/09/01,0.00,,0.00,
2148,172.15,1026.60,F,202,312,T,F,-1.04,1998/09/01,-1.29,2002/12/18,0.00,
2149,140.27,761.64,T,431,183,T,F,0.00,,0.00,,0.00,
2150,46.23,303.74,F,314,164,T,F,-0.83,,0.00,,0.00,
2151,157.93,1414.64,F,314,131,T,F,-0.88,,0.00,,0.00,
2152,74.25,633.99,F,309,145,T,F,-1.63,1998/01/01,-1.76,2002/12/18,0.00,
2153,59.52,538.90,F,309,126,T,F,0.00,,-1.50,2002/12/18,0.00,
2154,16.53,65.88,F,119,302,T,F,-0.09,,0.00,,0.00,
2155,63.13,254.97,F,301,302,T,F,-0.53,,0.00,,0.00,
2156,20.08,107.72,F,300,301,T,F,-0.79,,0.00,,0.00,
2157,155.11,1356.52,F,305,112,T,F,-1.60,1998/01/01,0.00,,0.00,
2158,43.74,399.86,F,305,143,T,F,-1.60,1998/01/01,0.00,,0.00,
2159,64.26,913.39,F,317,99,T,F,-1.27,2000/09/28,0.00,,0.00,
2160,60.02,594.84,F,317,117,T,F,-1.39,2000/09/28,0.00,,0.00,
2161,182.61,1515.16,F,343,121,T,F,-1.46,2002/02/25,-1.50,2002/12/18,0.00,
2162,114.69,968.63,F,343,136,T,F,0.00,,-1.45,2002/12/18,0.00,
2163,75.45,1094.99,F,322,181,T,F,-1.23,2000/10/20,-1.30,2002/12/18,0.00,
2164,267.87,2616.41,F,322,217,T,F,-1.21,2000/10/20,-1.34,2002/12/18,0.00,
2165,213.12,2260.60,F,326,217,T,F,-1.21,2001/07/01,-1.37,2002/12/18,0.00,
2166,134.83,740.64,F,323,184,T,F,-0.79,2000/10/20,-0.81,2002/12/18,0.00,
2167,90.37,504.06,F,323,324,T,F,-0.68,2000/10/20,-0.68,2002/12/18,0.00,
2168,46.88,320.41,F,324,325,T,F,-0.77,2000/10/20,-0.78,2002/12/18,0.00,
2169,35.49,165.82,F,325,232,T,F,-1.07,2000/10/20,-1.04,2002/12/18,0.00,
2170,59.91,572.49,F,318,136,T,F,-1.52,1999/03/31,-1.36,2002/12/18,0.00,
2171,223.45,1284.47,F,318,320,T,F,-0.73,1999/03/31,-0.77,2002/12/18,0.00,
2172,27.92,145.89,F,320,186,T,F,-1.29,1999/03/31,-1.00,2002/12/18,0.00,
2173,202.00,1177.62,F,319,136,T,F,0.00,,-1.42,2002/12/18,0.00,
2174,81.88,641.77,F,321,188,T,F,0.00,,-1.35,2002/12/18,0.00,
2175,109.94,1102.75,F,321,212,T,F,0.00,,-1.57,2002/12/18,0.00,
2176,82.34,855.16,F,316,315,T,F,-1.51,2002/02/25,0.00,,0.00,
2177,95.48,1086.18,F,316,121,T,F,-1.75,2002/02/25,0.00,,0.00,
2178,78.70,712.18,F,69,304,T,F,-1.61,1999/04/23,-1.61,2002/12/18,0.00,
2179,23.37,143.19,F,303,77,T,F,-1.29,1999/04/19,0.00,,0.00,
2180,18.11,140.11,F,303,82,T,F,-1.24,1999/04/19,0.00,,0.00,
2181,200.35,3037.79,F,359,265,T,F,0.00,,0.00,,0.00,
2182,27.23,379.05,F,259,360,T,F,-1.72,2000/10/20,-1.73,2002/12/18,0.00,
2183,74.52,618.48,F,257,360,T,F,-1.27,2000/10/20,-1.28,2002/12/18,0.00,
2184,45.46,225.78,F,289,362,T,F,-0.56,1997/09/08,-1.27,2002/12/18,0.00,
3034,421.26,6126.10,F,1047,1090,F,F,0.00,,0.00,,0.00,
3035,139.01,1931.52,F,1091,1090,F,F,0.00,,0.00,,0.00,
3036,145.71,2124.37,F,1031,1091,F,F,0.00,,0.00,,0.00,
3037,78.14,1327.74,F,1031,1093,F,F,0.00,,0.00,,0.00,
3038,119.73,2510.45,F,1092,1093,F,F,0.00,,0.00,,0.00,
3039,170.10,3969.71,F,1088,1092,F,F,0.00,,0.00,,0.00,
3040,67.76,1223.08,F,1032,1088,F,F,0.00,,0.00,,0.00,
3041,104.91,1250.88,F,1032,1089,F,F,0.00,,0.00,,0.00,
3042,220.97,3519.22,F,1049,1089,F,F,0.00,,0.00,,0.00,
3043,147.93,11293.01,F,1035,1086,F,F,0.00,,0.00,,0.00,
3044,180.25,6899.43,F,1052,1085,F,F,0.00,,0.00,,0.00,
3045,258.07,17683.73,F,1035,1085,F,F,0.00,,0.00,,0.00,
3046,147.34,4040.85,F,1033,1094,F,F,0.00,,0.00,,0.00,
3047,119.80,2656.72,F,1032,1094,F,F,0.00,,0.00,,0.00,
3048,88.58,556.86,F,1082,1095,F,F,0.00,,0.00,,0.00,
3049,89.40,556.48,F,1149,1095,F,F,0.00,,0.00,,0.00,
3050,67.62,482.31,F,1081,1098,F,F,0.00,,0.00,,0.00,
3051,117.22,1063.90,F,1057,1098,F,F,0.00,,0.00,,0.00,
3052,122.95,924.65,F,1096,1097,F,F,0.00,,0.00,,0.00,
3053,61.32,549.37,F,1059,1096,F,F,0.00,,0.00,,0.00,
3054,132.18,2436.20,F,1054,1099,F,F,0.00,,0.00,,0.00,
3055,61.71,518.30,F,1106,1037,F,F,0.00,,0.00,,0.00,
3056,144.75,1146.58,F,1104,1106,F,F,0.00,,0.00,,0.00,
3057,71.88,561.20,F,1104,1105,F,F,0.00,,0.00,,0.00,
3058,245.43,3132.18,F,1105,1038,F,F,0.00,,0.00,,0.00,
3059,241.84,6080.91,F,1107,1038,F,F,0.00,,0.00,,0.00,
3060,161.53,2146.36,F,1107,1108,F,F,0.00,,0.00,,0.00,
3061,332.82,6564.43,F,1068,1108,F,F,0.00,,0.00,,0.00,
3062,227.86,2437.22,F,1064,1102,F,F,0.00,,0.00,,0.00,
3063,222.42,1841.40,F,1102,1036,F,F,0.00,,0.00,,0.00,
3064,103.90,858.45,F,1103,1036,F,F,0.00,,0.00,,0.00,
3065,110.68,916.84,F,1103,1037,F,F,0.00,,0.00,,0.00,
3066,263.91,2490.44,F,1100,1062,F,F,0.00,,0.00,,0.00,
3067,369.31,4110.34,F,1100,1101,F,F,0.00,,0.00,,0.00,
3068,300.62,4230.63,F,1101,1063,F,F,0.00,,0.00,,0.00,
3069,305.52,4913.27,F,1078,1109,F,F,0.00,,0.00,,0.00,
3070,64.18,900.41,F,1109,1111,F,F,0.00,,0.00,,0.00,
3071,113.91,2031.82,F,1110,1111,F,F,0.00,,0.00,,0.00,
3072,237.52,3375.27,F,1041,1110,F,F,0.00,,0.00,,0.00,
3073,47.55,621.45,F,1040,1112,F,F,0.00,,0.00,,0.00,
3074,71.19,1145.41,F,1112,1117,F,F,0.00,,0.00,,0.00,
3075,41.70,571.31,F,1113,1117,F,F,0.00,,0.00,,0.00,
3076,326.65,2544.63,F,1113,1114,F,F,0.00,,0.00,,0.00,
3077,52.84,966.93,F,1114,1116,F,F,0.00,,0.00,,0.00,
3078,55.70,859.57,F,1115,1116,F,F,0.00,,0.00,,0.00,
3079,56.14,632.75,F,1044,1115,F,F,0.00,,0.00,,0.00,
3080,319.22,4032.93,F,1042,1118,F,F,0.00,,0.00,,0.00,
3081,97.47,722.70,F,1043,1119,F,F,0.00,,0.00,,0.00,
3082,35.40,726.70,F,1075,1120,F,F,0.00,,0.00,,0.00,
3083,111.39,2597.29,F,1076,1121,F,F,0.00,,0.00,,0.00,
3084,167.17,5327.13,F,1074,1123,F,F,0.00,,0.00,,0.00,
3085,168.15,2386.62,F,1073,1124,F,F,0.00,,0.00,,0.00,
3086,221.84,2893.70,F,1072,1125,F,F,0.00,,0.00,,0.00,
3087,284.11,4931.09,F,1126,1071,F,F,0.00,,0.00,,0.00,
3088,43.27,1025.83,F,1126,1127,F,F,0.00,,0.00,,0.00,
3089,68.61,937.22,F,1070,1128,F,F,0.00,,0.00,,0.00,
3090,69.24,859.90,F,1069,1129,F,F,0.00,,0.00,,0.00,
3091,289.90,9286.55,F,1083,1133,F,F,0.00,,0.00,,0.00,
3092,57.09,469.08,F,1133,1134,F,F,0.00,,0.00,,0.00,
3093,293.03,11677.00,F,1083,1131,F,F,0.00,,0.00,,0.00,
3094,82.80,787.33,F,1131,1132,F,F,0.00,,0.00,,0.00,
3095,142.50,2485.48,F,1061,1130,F,F,0.00,,0.00,,0.00,
2185,122.42,2389.91,F,107,129,T,F,-1.58,1999/03/24,0.00,,0.00,
2186,73.10,600.48,F,124,129,T,F,-1.42,2000/07/26,0.00,,0.00,
2187,74.09,1097.10,F,129,140,T,F,-1.62,1999/03/24,-2.06,2002/12/18,0.00,
2188,56.42,2223.18,F,140,147,T,F,-1.52,1999/03/24,-1.91,2002/12/18,0.00,
2189,114.93,2480.94,F,147,171,T,F,-1.60,1999/03/24,0.00,,0.00,
2190,175.23,1362.18,F,140,375,T,F,-1.31,2000/07/25,-1.38,2002/12/18,0.00,
2191,167.75,1470.31,F,125,375,T,F,-1.22,2000/07/25,-1.26,2002/12/18,0.00,
2192,68.90,496.66,F,120,125,T,F,-1.20,2000/07/25,-1.70,2002/12/18,0.00,
2193,135.99,2668.30,F,125,378,T,F,-2.52,1999/05/01,-1.76,2002/12/18,0.00,
2194,61.40,957.02,F,378,87,T,F,-2.72,1999/05/01,0.00,,0.00,
2195,186.79,14617.43,F,71,87,T,F,-2.97,1999/11/08,0.00,,0.00,
2196,101.58,2321.11,F,377,71,T,F,-3.28,1999/11/08,0.00,,0.00,
2197,156.60,4451.10,F,89,377,T,F,0.00,,0.00,,0.00,
2198,125.41,5044.35,F,89,107,T,F,0.00,,0.00,,0.00,
2199,170.73,14323.96,F,364,71,T,F,-2.28,1999/11/08,0.00,,0.00,
2200,192.62,13910.56,F,364,42,T,F,-2.30,1999/11/08,0.00,,0.00,
2201,91.00,3709.46,F,80,87,T,F,-2.78,1999/11/08,0.00,,0.00,
2202,87.67,725.62,F,379,61,T,F,-1.73,1998/06/25,-1.46,2002/12/18,0.00,
2203,139.73,1050.93,F,379,380,T,F,-1.36,1998/06/25,-1.59,2002/12/18,0.00,
2204,130.41,1038.22,F,380,91,T,F,-1.25,1998/06/25,-1.51,2002/12/18,0.00,
2205,62.85,455.85,F,290,91,T,F,-0.73,1998/06/01,-1.30,2002/12/18,0.00,
2206,158.06,767.16,F,290,88,T,F,-0.65,1998/06/01,-1.37,2002/12/18,0.00,
2207,70.54,465.18,F,361,88,T,F,-0.50,1998/06/01,-1.23,2002/12/18,0.00,
2208,86.45,436.71,F,289,361,T,F,-0.60,1997/09/08,-1.23,2002/12/18,0.00,
2209,86.41,636.71,F,125,127,T,F,0.00,,0.00,,0.00,
2210,63.96,1299.00,F,125,137,T,F,-2.46,1999/05/01,-1.45,2002/12/18,0.00,
2211,93.22,820.61,F,296,127,T,F,0.00,,0.00,,0.00,
2212,30.10,269.68,F,295,296,T,F,0.00,,0.00,,0.00,
2213,81.90,715.48,F,295,363,T,F,0.00,,0.00,,0.00,
2214,85.55,669.45,F,363,80,T,F,-2.05,1999/11/08,0.00,,0.00,
2215,33.06,903.98,F,137,141,T,F,-2.43,1999/05/01,0.00,,0.00,
2216,29.16,363.55,F,282,281,T,F,0.00,,0.00,,0.00,
2217,49.90,669.04,F,282,283,T,F,0.00,,0.00,,0.00,
2218,70.72,1551.63,F,171,189,T,F,-1.16,1999/03/23,0.00,,0.00,
2219,104.97,1493.42,F,189,276,T,F,-1.06,1999/03/23,0.00,,0.00,
2220,55.10,362.54,F,218,221,T,F,-1.21,1999/05/13,0.00,,0.00,
2221,54.81,341.42,F,272,218,T,F,-1.16,1999/05/13,0.00,,0.00,
2222,57.18,460.47,F,216,218,T,F,-1.08,1999/05/13,0.00,,0.00,
2223,61.56,323.83,F,216,227,T,F,-0.73,1999/05/13,0.00,,0.00,
2224,60.31,297.79,F,274,227,T,F,-0.52,1999/05/13,0.00,,0.00,
2225,74.64,356.38,F,274,222,T,F,-0.81,1999/05/13,0.00,,0.00,
2226,36.80,230.51,F,220,222,T,F,-3.72,1999/11/05,0.00,,0.00,
2227,126.56,1009.27,F,372,222,T,F,-1.57,2000/09/15,0.00,,0.00,
2228,142.18,1563.83,F,372,255,T,F,-1.40,2000/09/15,0.00,,0.00,
2229,116.82,756.83,F,373,216,T,F,-1.23,1999/05/13,0.00,,0.00,
2230,60.80,377.21,F,373,210,T,F,-2.21,1999/05/13,0.00,,0.00,
2231,155.98,1126.17,F,374,204,T,F,-1.46,2000/09/14,0.00,,0.00,
2232,73.80,352.58,F,199,374,T,F,-2.55,1999/11/05,0.00,,0.00,
2233,119.52,1880.13,F,285,178,T,T,-3.34,1999/11/05,0.00,,0.00,
2234,137.29,7538.24,F,199,178,T,F,-3.34,1999/11/05,0.00,,0.00,
2235,48.36,2414.24,F,169,178,T,F,-3.21,1999/11/10,0.00,,0.00,
2236,66.70,4096.74,F,165,169,T,F,-2.75,1999/11/10,0.00,,0.00,
2237,92.96,5597.22,F,155,165,T,F,-2.60,1999/11/10,0.00,,0.00,
2238,62.96,273.31,F,155,394,T,F,-2.51,1999/04/26,-1.53,2003/02/20,0.00,
2239,44.21,280.19,F,336,394,T,F,-1.68,1999/04/26,-1.61,2003/02/20,0.00,
2240,57.64,312.78,F,336,337,T,F,-1.66,1999/04/26,-1.39,2003/02/20,0.00,
2241,53.45,300.30,F,187,337,T,F,-1.65,1999/04/26,-1.41,2003/02/20,0.00,
2242,44.96,198.40,F,187,338,T,F,-1.66,1999/04/26,0.00,,0.00,
2243,93.64,456.77,F,338,392,T,F,-1.65,1999/04/26,0.00,,0.00,
2244,70.31,333.13,F,172,393,T,F,-1.15,2000/10/23,0.00,,0.00,
2245,65.34,223.45,F,220,396,T,F,-2.61,1999/11/05,0.00,,0.00,
2246,115.16,470.35,F,333,396,T,F,-1.64,1999/04/26,0.00,,0.00,
2247,32.33,173.75,F,332,333,T,F,-1.70,1999/04/26,0.00,,0.00,
2248,122.51,553.24,F,332,397,T,F,-1.62,1999/04/26,0.00,,0.00,
2249,54.67,312.59,F,235,397,T,F,-2.53,1999/04/26,0.00,,0.00,
2250,30.05,1418.82,F,235,231,T,F,-3.57,1999/11/05,0.00,,0.00,
2251,75.73,3328.95,F,220,231,T,F,-3.62,1999/11/05,0.00,,0.00,
2252,71.81,3924.80,F,220,210,T,F,-2.88,1999/11/05,0.00,,0.00,
2253,50.20,2905.09,F,199,210,T,F,-3.07,1999/11/05,0.00,,0.00,
2254,40.05,143.51,F,231,236,T,F,-4.84,1999/11/05,0.00,,0.00,
2255,32.06,1528.89,F,235,237,T,F,-3.62,1999/11/05,0.00,,0.00,
2256,36.79,183.92,F,237,245,T,F,-4.61,1999/11/05,0.00,,0.00,
2257,45.75,2197.66,F,237,240,T,F,-3.82,1999/11/05,0.00,,0.00,
2258,60.60,3234.58,F,240,246,T,F,-3.23,1999/11/05,0.00,,0.00,
2259,61.63,524.93,F,246,369,T,F,-3.28,1999/11/05,0.00,,0.00,
2260,183.21,1604.82,F,370,369,T,F,-1.44,2000/08/02,0.00,,0.00,
2261,71.63,236.22,F,398,246,T,F,-2.20,1999/04/26,0.00,,0.00,
2262,195.75,1182.99,F,398,339,T,F,-1.61,1999/04/26,0.00,,0.00,
2263,117.66,465.78,F,219,240,T,F,-2.26,1999/04/26,0.00,,0.00,
2264,110.55,660.29,F,267,268,T,F,-0.99,1998/09/01,0.00,,0.00,
2265,99.53,299.83,F,250,268,T,F,-2.38,1999/11/05,0.00,,0.00,
2266,66.55,221.12,F,399,250,T,F,-2.99,1999/11/05,0.00,,0.00,
2267,142.69,668.82,F,328,399,T,F,-0.82,1995/06/28,-1.08,2003/02/20,0.00,
2268,149.94,770.41,F,328,400,T,T,-0.58,1995/05/08,-1.11,2003/02/20,0.00,
2269,67.86,258.47,F,249,400,T,T,-2.52,1999/11/05,-1.37,2003/02/20,0.00,
2270,34.00,0.00,F,249,250,T,F,0.00,,0.00,,0.00,
2271,134.77,8275.39,F,246,250,T,F,-3.08,1999/11/05,0.00,,0.00,
2272,75.67,312.75,F,249,368,T,F,-2.51,1999/11/05,0.00,,0.00,
2273,173.52,1208.44,F,368,371,T,F,-1.20,2000/08/03,0.00,,0.00,
2274,58.39,541.55,F,263,371,T,F,-1.42,2000/08/03,0.00,,0.00,
2275,204.89,1218.81,F,262,267,T,F,-1.05,1998/09/01,0.00,,0.00,
2276,53.10,436.08,F,261,370,T,F,-1.37,2000/08/02,0.00,,0.00,
2277,38.12,260.32,F,260,367,T,F,-1.33,2000/08/07,0.00,,0.00,
2278,121.62,840.16,F,366,367,T,F,-1.46,2000/08/07,0.00,,0.00,
2279,61.79,338.46,F,247,366,T,F,-3.06,2000/08/07,0.00,,0.00,
2280,88.70,5806.51,F,248,249,T,F,-3.21,1999/11/05,0.00,,0.00,
2281,36.88,2312.98,F,247,248,T,F,-3.00,1999/11/05,0.00,,0.00,
2282,157.02,13611.07,F,247,242,T,F,-2.82,1999/11/05,0.00,,0.00,
2283,59.87,6996.20,F,242,243,T,F,-2.98,1999/11/05,0.00,,0.00,
2284,60.20,329.77,F,248,401,T,T,-2.62,1995/11/08,-1.83,2003/02/20,0.00,
2285,83.86,493.99,F,402,242,T,F,-2.71,1999/11/05,-1.94,2003/02/20,0.00,
2286,142.01,875.24,F,401,211,T,T,-1.28,1995/09/08,-1.58,2003/02/20,0.00,
2287,130.89,615.10,F,197,211,T,T,-0.98,1996/04/09,-1.30,2003/02/20,0.00,
2288,20.14,219.65,F,334,197,T,F,0.00,,-1.95,2003/02/20,0.00,
2289,21.83,257.64,F,335,334,T,F,-1.16,1996/04/09,-1.54,2003/02/20,0.00,
2290,134.88,1060.05,F,335,402,T,F,-1.43,1997/02/14,-1.54,2003/02/20,0.00,
2291,107.02,906.79,F,185,197,T,F,-1.36,1996/04/09,-1.46,2003/02/20,0.00,
2292,131.48,725.24,F,286,169,T,F,-1.75,1998/02/11,-1.47,2002/12/18,0.00,
2293,86.04,445.98,F,288,165,T,F,-1.99,1999/11/10,-1.42,2002/12/18,0.00,
2294,65.11,353.63,F,288,287,T,F,-0.60,1998/02/11,-1.35,2002/12/18,0.00,
2295,45.21,177.90,F,135,287,T,F,-0.71,1998/02/11,-1.52,2002/12/18,0.00,
2296,66.55,520.85,F,135,132,T,F,-0.54,1998/02/11,-1.22,2002/12/18,0.00,
2297,56.59,505.76,F,116,132,T,F,-0.86,1998/04/30,-1.36,2002/12/18,0.00,
2298,109.68,915.52,F,111,116,T,F,-1.05,1998/06/01,-1.47,2002/12/18,0.00,
2299,60.08,701.66,F,111,122,T,F,0.00,,-1.69,2002/12/18,0.00,
2300,31.56,162.79,F,122,123,T,F,0.00,,-1.32,2002/12/18,0.00,
2301,95.06,1041.42,F,122,138,T,F,0.00,,-1.56,2002/12/18,0.00,
2302,76.61,903.34,F,138,146,T,F,0.00,,-1.68,2002/12/18,0.00,
2303,44.46,513.01,F,146,151,T,F,-3.77,1999/11/10,0.00,,0.00,
2304,42.46,2829.86,F,151,155,T,F,-2.98,1999/11/10,0.00,,0.00,
2305,49.47,3250.91,F,149,151,T,F,-2.97,1999/11/10,0.00,,0.00,
2306,43.17,2891.78,F,149,148,T,F,-2.70,1999/11/10,0.00,,0.00,
2307,112.36,7143.72,F,142,148,T,F,0.00,,0.00,,0.00,
2308,58.53,362.18,F,395,142,T,T,-2.04,1995/01/26,-1.74,2003/02/20,0.00,
2309,64.99,215.36,F,393,148,T,F,-2.54,1999/11/10,0.00,,0.00,
2310,64.34,183.04,F,149,392,T,F,-2.97,1999/04/26,0.00,,0.00,
2311,63.59,163.04,F,390,148,T,F,-2.24,1999/11/10,-1.46,2002/12/18,0.00,
2312,124.28,628.25,F,390,115,T,F,-1.01,1999/09/05,-1.47,2002/12/18,0.00,
2313,69.09,232.10,F,391,142,T,F,-2.15,1999/11/10,-1.25,2002/12/18,0.00,
2314,123.97,524.22,F,391,113,T,F,-0.84,2000/10/23,-0.78,2002/12/18,0.00,
2315,39.38,214.69,F,113,115,T,F,-1.09,2000/10/20,-1.18,2002/12/18,0.00,
2316,98.16,415.92,F,133,146,T,F,-0.67,1997/03/30,-1.33,2002/12/18,0.00,
2317,82.17,300.22,T,345,133,T,F,0.00,,0.00,,0.00,
2318,97.00,546.61,F,96,111,T,F,-1.13,1997/11/26,-1.44,2002/12/18,0.00,
2319,55.98,211.53,F,96,106,T,F,-0.51,1998/03/27,-1.16,2002/12/18,0.00,
2320,73.58,282.26,T,345,106,T,F,0.00,,0.00,,0.00,
2321,52.73,315.75,F,93,96,T,F,-1.68,1998/03/27,-1.30,2002/12/18,0.00,
2322,67.04,276.60,F,93,103,T,F,-0.72,1999/09/05,-1.41,2002/12/18,0.00,
2323,67.56,474.22,F,103,115,T,F,-0.85,1999/09/05,-1.47,2002/12/18,0.00,
2324,65.25,316.69,F,95,103,T,F,-0.48,1998/09/01,-1.48,2002/12/18,0.00,
2325,82.89,366.10,T,95,101,T,F,0.00,,0.00,,0.00,
2326,61.86,395.88,F,105,113,T,F,-0.98,2000/10/20,-0.98,2002/12/18,0.00,
2327,14.41,74.18,F,101,105,T,F,-1.02,2000/10/20,-1.03,2002/12/18,0.00,
2328,29.80,95.82,F,357,101,T,F,-1.23,2000/10/20,-1.15,2002/12/18,0.00,
2329,22.50,86.60,F,357,358,T,F,-1.18,2000/10/20,-1.12,2002/12/18,0.00,
2330,161.44,729.78,F,389,358,T,F,-1.21,2000/10/20,-1.11,2002/12/18,0.00,
2331,64.06,324.12,F,389,72,T,F,-1.86,1999/11/02,-1.71,2002/12/18,0.00,
2332,139.21,8076.64,F,134,142,T,F,-2.68,1999/11/10,0.00,,0.00,
2333,76.37,4090.89,F,128,134,T,F,-2.74,1999/11/10,0.00,,0.00,
2334,164.81,7175.70,F,100,128,T,F,-2.90,1999/11/10,0.00,,0.00,
2335,101.72,4677.37,F,85,100,T,F,-2.92,1999/11/02,0.00,,0.00,
2336,45.85,2688.74,F,85,79,T,F,-2.87,1998/01/01,0.00,,0.00,
2337,111.51,6600.01,F,72,79,T,F,-2.50,1999/11/02,0.00,,0.00,
2338,124.01,8190.26,F,68,72,T,F,-2.46,1999/11/02,-2.01,2002/12/18,0.00,
2339,64.58,180.69,F,388,68,T,F,-2.43,1999/11/02,0.00,,0.00,
2340,223.20,1172.76,F,388,95,T,F,-0.51,1998/09/01,-1.42,2002/12/18,0.00,
2341,67.92,0.00,F,65,68,T,F,0.00,,0.00,,0.00,
2342,28.48,1573.54,F,62,65,T,F,-2.79,1999/11/02,0.00,,0.00,
2343,73.54,200.73,F,62,386,T,F,-2.25,1999/11/02,0.00,,0.00,
2344,241.05,1108.78,F,386,83,T,F,-0.59,1998/09/01,0.00,,0.00,
2345,70.56,350.87,T,346,83,T,F,0.00,,0.00,,0.00,
2346,69.97,204.22,T,346,84,T,F,0.00,,0.00,,0.00,
2347,29.83,191.80,F,292,84,T,F,-1.45,1999/03/01,0.00,,0.00,
2348,57.49,297.65,F,84,90,T,F,-1.31,1999/03/01,0.00,,0.00,
2349,135.84,1572.93,F,111,90,T,F,-1.21,1999/04/28,-1.74,2002/12/18,0.00,
2350,110.33,949.02,F,90,91,T,F,-1.34,1998/08/07,-1.39,2002/12/18,0.00,
2351,100.49,841.63,F,291,90,T,F,-1.17,1999/03/15,0.00,,0.00,
2352,114.24,951.32,F,291,381,T,F,-1.01,1999/03/15,0.00,,0.00,
2353,43.01,310.56,F,381,66,T,F,-1.09,1999/03/15,0.00,,0.00,
2354,75.18,606.84,F,74,293,T,F,-1.30,1999/03/15,0.00,,0.00,
2355,30.92,183.20,F,70,293,T,F,-1.07,1999/03/15,0.00,,0.00,
2356,30.63,183.07,F,70,294,T,F,-1.07,1999/03/15,0.00,,0.00,
2357,22.59,369.72,F,74,76,T,F,-1.15,1999/03/15,0.00,,0.00,
2358,46.71,126.55,F,74,78,T,F,-1.03,1999/03/15,0.00,,0.00,
2359,41.66,160.58,F,78,83,T,F,-0.88,2000/10/18,0.00,,0.00,
2360,72.13,394.14,F,83,92,T,F,-0.69,1998/09/21,0.00,,0.00,
2361,23.17,128.81,F,92,93,T,F,0.00,,0.00,,0.00,
2362,252.50,1416.89,F,387,92,T,F,0.00,,0.00,,0.00,
2363,61.95,291.14,F,65,387,T,F,-2.88,1999/11/02,0.00,,0.00,
2364,233.14,863.05,F,78,385,T,T,-0.55,2000/10/19,0.00,,0.00,
2365,72.85,339.03,F,297,79,T,F,-2.23,1999/04/23,-1.76,2002/12/18,0.00,
2366,54.51,459.61,F,297,298,T,F,-1.67,1999/04/23,-1.92,2002/12/18,0.00,
2367,64.61,559.27,F,73,298,T,F,-1.56,1999/04/23,-1.69,2002/12/18,0.00,
2368,57.01,438.44,F,73,304,T,F,-1.55,1999/04/23,-1.52,2002/12/18,0.00,
2369,69.41,173.66,F,299,85,T,F,-2.79,1998/01/01,-1.52,2002/12/18,0.00,
2370,63.11,381.75,F,404,100,T,F,-2.50,1999/11/10,0.00,,0.00,
2371,66.15,578.75,F,404,108,T,F,-1.57,1998/01/01,0.00,,0.00,
2372,20.06,134.99,F,108,112,T,F,-1.80,1998/01/01,0.00,,0.00,
2373,97.95,725.00,F,94,108,T,F,-1.14,,-1.76,2002/12/18,0.00,
2374,80.10,388.54,F,112,300,T,F,-0.92,,0.00,,0.00,
2375,62.29,547.75,F,365,395,T,T,-1.39,1995/01/26,-1.76,2003/02/20,0.00,
2376,63.64,488.79,F,170,365,T,T,-1.44,1995/01/26,-1.80,2003/02/20,0.00,
2377,133.58,757.47,F,294,383,T,F,-1.36,1999/03/15,0.00,,0.00,
2378,49.40,286.26,F,47,383,T,F,-2.71,1999/11/02,0.00,,0.00,
2379,152.23,481.26,F,70,384,T,F,-0.49,1999/03/15,0.00,,0.00,
2380,46.83,178.24,F,51,384,T,F,-2.08,1999/03/15,0.00,,0.00,
2381,61.14,2712.59,F,47,51,T,F,-2.87,1999/11/02,0.00,,0.00,
2382,135.91,6320.82,F,47,46,T,F,-2.85,1999/11/02,0.00,,0.00,
2383,74.95,4238.12,F,45,46,T,F,-2.85,1999/11/02,0.00,,0.00,
2384,192.83,9123.88,F,45,55,T,F,-2.71,1999/11/08,0.00,,0.00,
2385,91.51,3899.26,F,55,61,T,F,-2.65,1999/11/08,0.00,,0.00,
2386,47.74,221.48,F,382,46,T,F,-2.42,1999/11/02,0.00,,0.00,
2387,92.08,625.13,F,382,66,T,F,-1.29,1999/03/15,0.00,,0.00,
2388,71.93,1289.53,F,418,45,T,F,-3.15,1999/11/08,0.00,,0.00,
2389,81.46,1588.84,F,418,30,T,F,-2.32,1999/05/01,0.00,,0.00,
2390,71.10,402.38,F,38,47,T,F,-2.30,1999/03/16,-1.48,2002/12/18,0.00,
2391,96.94,628.17,F,29,38,T,F,-1.29,1999/03/16,-1.34,2002/12/18,0.00,
2392,44.41,226.35,F,26,29,T,F,-1.25,1999/03/16,-1.34,2002/12/18,0.00,
2393,141.21,1513.38,F,26,31,T,F,-0.91,1999/03/16,-0.79,2002/12/18,0.00,
2394,18.93,152.00,F,31,32,T,F,-1.31,1999/03/16,-1.38,2002/12/18,0.00,
2395,30.53,293.50,F,32,35,T,F,-1.45,1999/03/17,-1.53,2002/12/18,0.00,
2396,24.55,170.28,F,35,347,T,F,-1.31,1999/03/17,-1.54,2002/12/18,0.00,
2397,112.10,679.48,F,347,348,T,F,-1.49,1999/03/17,-1.48,2002/12/18,0.00,
2398,75.22,538.00,F,416,62,T,F,-2.18,1999/05/01,0.00,,0.00,
2399,88.79,1110.91,F,416,44,T,F,-1.83,1999/05/01,0.00,,0.00,
2400,151.09,1561.98,F,32,44,T,F,-1.14,1999/03/16,-1.12,2002/12/18,0.00,
2401,54.27,712.54,F,40,44,T,F,-1.84,1999/05/01,0.00,,0.00,
2402,117.75,733.43,F,417,48,T,F,-1.40,1999/03/19,0.00,,0.00,
2403,84.20,365.03,F,417,68,T,F,-2.45,1999/11/02,0.00,,0.00,
2404,55.58,409.62,F,48,54,T,F,-0.84,1998/10/09,-1.09,2002/12/18,0.00,
2405,88.54,776.95,F,60,54,T,F,0.00,,-1.06,2002/12/18,0.00,
2406,50.87,564.72,F,60,63,T,F,0.00,,-1.33,2002/12/18,0.00,
2407,54.13,602.84,F,57,63,T,F,-1.24,1999/03/13,-1.22,2002/12/18,0.00,
2408,90.88,328.96,F,49,60,T,F,-0.66,1999/03/13,0.00,,0.00,
2409,79.69,374.34,F,43,54,T,F,-0.64,1998/10/09,-1.17,2002/12/18,0.00,
2410,44.22,466.25,F,57,52,T,F,-1.23,1999/03/13,-1.25,2002/12/18,0.00,
2411,73.69,341.92,F,56,385,T,T,-1.59,2000/10/19,0.00,,0.00,
2412,81.45,4718.50,F,426,51,T,F,-2.84,1999/11/02,0.00,,0.00,
2413,48.22,2483.52,F,426,56,T,F,-2.92,1999/11/02,0.00,,0.00,
2414,52.02,2865.01,F,56,62,T,F,-2.74,1999/11/02,0.00,,0.00,
2415,102.55,508.62,F,426,348,T,F,-1.61,1999/03/17,-1.67,2002/12/18,0.00,
2416,246.44,3493.12,F,423,1,T,F,-1.64,1998/10/11,-1.67,2002/12/18,0.00,
2417,239.03,3833.94,F,7,423,T,F,-1.36,1998/10/11,-1.66,2002/12/18,0.00,
2418,236.33,3082.98,F,8,6,T,F,0.00,,-1.41,2002/12/18,0.00,
2419,248.47,3533.74,F,353,6,T,F,0.00,,-1.48,2002/12/18,0.00,
2420,68.41,1297.04,F,353,1,T,F,0.00,,-1.90,2002/12/18,0.00,
2421,86.22,1809.65,F,2,4,T,F,-1.27,1997/02/20,-1.70,2002/12/18,0.00,
2422,77.12,1134.67,F,350,4,T,F,-1.02,1997/05/22,-1.60,2002/12/18,0.00,
2423,306.58,2574.30,F,350,356,T,F,-0.86,1997/02/20,-1.36,2002/12/18,0.00,
2424,93.38,965.53,F,356,14,T,F,-0.74,1997/02/20,-1.25,2002/12/18,0.00,
2425,53.71,948.93,F,10,14,T,F,-0.65,1998/03/31,-1.24,2002/12/18,0.00,
2426,220.26,2820.09,F,422,10,T,F,-0.87,1998/03/31,-1.45,2002/12/18,0.00,
2427,186.29,2038.89,F,422,4,T,F,-0.97,1997/05/22,-1.43,2002/12/18,0.00,
2428,104.72,487.69,F,6,10,T,F,-0.68,1998/03/31,0.00,,0.00,
2429,102.47,1927.66,F,10,13,T,F,-0.88,1998/05/11,-1.51,2002/12/18,0.00,
2430,110.60,1646.72,F,17,13,T,F,-1.04,1998/05/11,-1.54,2002/12/18,0.00,
2431,177.60,3212.67,F,419,30,T,F,-2.47,1999/05/01,0.00,,0.00,
2432,178.92,3990.22,F,419,16,T,F,-2.39,1999/05/01,0.00,,0.00,
2433,102.81,2557.82,F,11,16,T,F,-2.28,1999/05/01,0.00,,0.00,
2434,211.02,4996.77,F,5,11,T,F,-2.64,1999/05/01,0.00,,0.00,
2435,61.43,409.57,F,420,11,T,F,-1.22,1999/04/27,-1.01,2002/12/18,0.00,
2436,60.50,269.90,F,421,16,T,F,0.00,,-1.42,2002/12/18,0.00,
2437,85.22,505.80,F,421,424,T,F,-0.77,1998/09/21,-1.20,2002/12/18,0.00,
2438,28.15,148.69,F,424,425,T,F,-0.61,1998/09/21,-1.20,2002/12/18,0.00,
2439,142.24,909.98,F,349,425,T,F,-1.07,1998/09/21,-1.37,2002/12/18,0.00,
2440,86.02,597.65,F,351,14,T,F,-0.62,1997/10/28,-1.23,2002/12/18,0.00,
2441,50.43,512.95,F,351,352,T,F,-0.69,1997/10/28,-1.17,2002/12/18,0.00,
2442,75.42,664.92,F,352,13,T,F,-0.77,1998/05/11,-1.23,2002/12/18,0.00,
2443,97.34,1149.49,F,22,27,T,F,-1.21,1998/09/21,-1.28,2002/12/18,0.00,
2444,173.78,1759.52,F,349,27,T,F,-0.98,1998/09/21,-1.32,2002/12/18,0.00,
2445,230.87,1317.80,F,420,27,T,F,-1.20,1999/04/27,-1.18,2002/12/18,0.00,
2446,42.17,115.23,T,354,61,T,F,0.00,,0.00,,0.00,
2447,100.68,427.95,T,354,355,T,F,0.00,,0.00,,0.00,
2448,71.07,270.42,T,355,55,T,F,0.00,,0.00,,0.00,
2449,119.45,1404.79,F,53,67,T,F,-1.08,1999/04/17,-1.10,2002/12/18,0.00,
2450,226.72,1163.83,F,67,82,T,F,-1.04,1999/04/17,-1.04,2002/12/18,0.00,
2451,180.65,2998.31,F,59,409,T,F,-1.66,1999/04/26,-1.90,2002/12/18,0.00,
2452,226.54,2743.08,F,409,102,T,F,-1.49,1999/04/26,-1.75,2002/12/18,0.00,
2453,82.97,450.70,F,86,94,T,F,-1.64,1998/01/01,-1.27,2002/12/18,0.00,
2454,122.28,639.31,F,77,94,T,F,-0.94,,-1.45,2002/12/18,0.00,
2455,34.83,162.78,F,427,299,T,F,-1.71,1998/01/01,-1.24,2002/12/18,0.00,
2456,65.66,357.37,F,427,86,T,F,-1.63,1998/01/01,-1.30,2002/12/18,0.00,
2457,69.79,250.81,F,403,128,T,F,-2.26,2000/11/11,-1.23,2003/02/20,0.00,
2458,175.90,867.93,F,403,159,T,F,-1.16,2000/11/11,-1.10,2003/02/20,0.00,
2459,44.91,371.54,F,170,182,T,T,-1.43,1995/01/26,-1.90,2003/02/20,0.00,
2460,80.54,485.64,F,187,194,T,F,-1.59,1999/04/26,-1.32,2003/02/20,0.00,
2461,95.07,611.86,F,428,185,T,F,-1.43,2000/10/20,-1.38,2003/02/20,0.00,
2462,32.63,291.71,F,180,428,T,F,-1.58,2000/10/20,-1.64,2003/02/20,0.00,
2463,137.53,1349.82,F,405,153,T,F,-1.36,1998/01/01,-1.44,2002/12/18,0.00,
2464,144.99,1533.08,F,206,405,T,F,-1.48,2000/11/10,-1.58,2002/12/18,0.00,
2465,88.65,980.54,F,168,315,T,F,-1.45,2002/02/25,0.00,,0.00,
2466,203.81,1999.86,F,168,201,T,F,-1.54,2002/02/25,0.00,,0.00,
2467,98.25,683.23,F,319,177,T,F,0.00,,-1.84,2002/12/18,0.00,
2468,61.05,447.54,F,177,188,T,F,0.00,,-1.41,2002/12/18,0.00,
2469,127.38,7297.67,F,407,176,T,F,0.00,,0.00,,0.00,
2470,127.44,6975.45,F,407,408,T,F,0.00,,0.00,,0.00,
2471,100.20,5132.74,F,109,408,T,F,0.00,,0.00,,0.00,
2472,160.75,19113.76,F,179,410,T,F,0.00,,0.00,,0.00,
2473,116.31,25048.31,F,411,410,T,F,0.00,,0.00,,0.00,
2474,118.99,23874.82,F,411,412,T,F,0.00,,0.00,,0.00,
2475,236.83,22944.08,F,412,413,T,F,0.00,,0.00,,0.00,
2476,130.40,1934.23,F,406,190,T,F,-2.77,1999/04/15,0.00,,0.00,
2477,131.66,1995.90,F,406,229,T,F,-3.68,1999/04/15,0.00,,0.00,
2478,130.51,6448.78,F,413,156,T,F,0.00,,0.00,,0.00,
2479,206.83,2327.31,F,344,326,T,F,-1.30,2001/07/01,-1.30,2002/12/18,0.00,
2480,38.89,392.59,F,344,239,T,F,-1.46,2001/07/01,-1.60,2002/12/18,0.00,
2481,20.68,323.23,F,239,241,T,F,-3.66,2000/10/20,-2.63,2002/12/18,0.00,
2482,198.27,2006.45,T,414,239,T,F,0.00,,0.00,,0.00,
2483,185.12,1924.51,T,414,234,T,F,0.00,,0.00,,0.00,
2484,295.60,2383.96,F,254,257,T,F,-0.99,1999/04/04,-0.99,2002/12/18,0.00,
2485,95.69,3167.46,F,244,254,T,F,-1.64,1999/04/04,0.00,,0.00,
2486,67.64,1980.51,F,256,254,T,F,-1.61,1999/04/04,0.00,,0.00,
2487,156.94,3352.90,F,256,359,T,F,-1.53,1999/04/04,0.00,,0.00,
2488,224.44,2877.52,F,415,264,T,F,0.00,,0.00,,0.00,
2489,235.50,2871.97,F,415,266,T,F,0.00,,0.00,,0.00,
3096,119.24,1334.30,F,1021,1135,F,F,0.00,,0.00,,0.00,
3097,134.01,1125.42,F,1030,1135,F,F,0.00,,0.00,,0.00,
3098,171.41,10369.55,F,1004,1009,F,F,0.00,,0.00,,0.00,
3099,204.73,8788.44,F,1009,1020,F,F,0.00,,0.00,,0.00,
3100,245.47,14534.62,F,1009,1023,F,F,0.00,,0.00,,0.00,
3101,160.23,10978.31,F,1001,1136,F,F,-2.96,2000/03/30,0.00,,0.00,
3102,163.31,10322.74,F,1013,1136,F,F,-2.94,2000/03/30,0.00,,0.00,
3103,81.06,623.96,F,1045,1144,F,F,0.00,,0.00,,0.00,
3104,122.91,793.01,F,1137,1144,F,F,0.00,,0.00,,0.00,
3105,99.96,1651.20,F,1053,1145,F,F,0.00,,0.00,,0.00,
3106,156.79,2727.33,F,1138,1145,F,F,0.00,,0.00,,0.00,
3107,65.54,696.22,F,1139,1087,F,F,0.00,,0.00,,0.00,
3108,97.41,853.13,F,1139,1034,F,F,0.00,,0.00,,0.00,
3109,199.22,2358.14,F,1051,1140,F,F,0.00,,0.00,,0.00,
3110,197.37,2313.01,F,1087,1140,F,F,0.00,,0.00,,0.00,
3111,175.17,1800.96,F,1141,1146,F,F,0.00,,0.00,,0.00,
3112,40.73,375.20,F,1056,1146,F,F,0.00,,0.00,,0.00,
3113,141.51,1413.66,F,1060,1143,F,F,0.00,,0.00,,0.00,
3114,120.72,927.16,F,1097,1143,F,F,0.00,,0.00,,0.00,
3115,159.90,1458.72,F,1082,1142,F,F,0.00,,0.00,,0.00,
3116,157.76,1352.11,F,1058,1142,F,F,0.00,,0.00,,0.00,
3117,135.64,2951.87,F,1055,1147,F,F,0.00,,0.00,,0.00,
3118,129.86,2529.57,F,1099,1147,F,F,0.00,,0.00,,0.00,
2490,93.29,805.21,F,94,97,T,F,-1.12,1998/01/06,-1.57,2002/12/18,0.00,
2491,23.90,201.57,F,76,292,T,F,-1.12,1999/03/01,0.00,,0.00,
2492,33.01,143.01,F,330,196,T,F,-0.66,1995/06/28,-1.09,2003/02/20,0.00,
2493,155.75,7208.94,F,430,107,T,F,0.00,,0.00,,0.00,
2494,233.33,10820.99,F,376,430,T,F,0.00,,0.00,,0.00,
2495,206.12,10310.35,F,376,195,T,F,0.00,,0.00,,0.00,
3119,136.58,1748.54,F,1148,1039,F,F,0.00,,0.00,,0.00,
3120,203.62,2953.81,F,1148,1122,F,F,0.00,,0.00,,0.00,
2496,152.59,7017.37,F,429,61,T,F,-2.79,1999/11/08,0.00,,0.00,
2497,133.97,6713.43,F,429,80,T,F,-2.58,1999/11/08,0.00,,0.00,
2498,54.37,482.32,F,64,69,T,F,-1.68,1999/04/23,-1.56,2002/12/18,0.00,
2499,54.66,486.20,F,58,64,T,F,-1.57,1999/04/23,-1.71,2002/12/18,0.00,
2500,118.41,808.04,F,69,75,T,F,-1.19,1999/04/19,-1.28,2002/12/18,0.00,
2505,26.92,177.79,F,75,77,T,F,-1.13,1999/04/19,0.00,,0.00,
2501,116.39,1139.00,F,180,192,T,T,-1.28,2000/10/20,-1.27,2003/02/20,0.00,
2502,116.24,596.33,F,183,192,T,F,-1.02,2000/10/20,-0.88,2003/02/20,0.00,
2503,149.76,955.38,F,362,139,T,F,-0.65,1997/07/21,-1.34,2002/12/18,0.00,
3122,251.38,32418.81,F,1035,1046,F,F,0.00,,0.00,,0.00,
3123,300.04,15350.08,F,1034,1086,F,F,0.00,,0.00,,0.00,
3124,257.02,13286.80,F,1033,1034,F,F,0.00,,0.00,,0.00,
2504,14.83,71.14,F,205,431,T,F,-1.15,2000/11/15,0.00,,0.00,
3125,32.10,210.08,F,1149,1081,F,F,0.00,,0.00,,0.00,
