id,tipo,id_link1,id_link2,id_link3,id_link4,x,y,interno,venezia
1,1,2416,2420,0,0,2310759.41789726,5036265.25335761,F,T
2,1,2421,0,0,0,2310573.58908963,5036218.07143944,F,T
3,1,2027,0,0,0,2311280.21684,5036212.87233,F,T
4,1,2421,2427,2422,0,2310551.1923272,5036134.82569868,T,T
5,1,2434,0,0,0,2310303.94559371,5036107.24042379,F,T
6,1,2428,2419,2418,0,2310952.50338786,5036086.49397747,T,T
7,1,2417,2028,2027,2026,2311205.67916118,5036070.98663374,T,T
8,1,2418,2026,2025,0,2311168.02687205,5035988.10083133,T,T
9,1,2033,2029,2028,0,2311373.11887447,5035989.37061382,T,T
10,1,2428,2429,2426,2425,2310929.87573096,5035984.27148726,T,T
11,1,2433,2435,2434,0,2310469.46393526,5035975.72295154,T,T
12,1,2024,2030,2025,0,2311236.94886779,5035959.69569687,T,T
13,1,2429,2442,2430,0,2311025.88659439,5035947.68775372,T,T
14,1,2440,2425,2424,0,2310900.45318002,5035939.29919061,T,T
15,1,2029,2031,2030,0,2311320.58213901,5035925.76150949,T,T
16,1,2432,2436,2433,0,2310552.98175925,5035915.42328033,T,T
17,1,2430,2023,0,0,2311129.25309555,5035907.54462987,T,T
18,1,2032,2034,2033,0,2311523.4311667,5035891.00746254,T,T
19,1,2023,2041,2024,0,2311201.4323524,5035880.34928819,T,T
20,1,2034,0,0,0,2311542.37275849,5035876.38996639,F,T
21,1,2040,2042,2041,0,2311228.75211453,5035865.97175093,T,T
22,1,2443,0,0,0,2310199.66376095,5035838.48645891,F,T
23,1,2036,2031,2032,0,2311463.94285881,5035828.12823318,T,T
24,1,2039,2043,2040,0,2311385.14187875,5035788.9649415,T,T
25,1,2035,0,0,0,2311673.85065993,5035773.5875755,F,T
26,1,2392,2042,2393,0,2311204.03816128,5035775.05732375,T,T
27,1,2443,2445,2444,0,2310265.22954082,5035766.36881201,T,T
28,1,2044,2043,2046,0,2311360.89796065,5035749.92162927,T,T
29,1,2392,2391,0,0,2311185.49238856,5035734.69423758,T,T
30,1,2431,2389,0,0,2310857.35013243,5035732.05468971,T,T
31,1,2044,2394,2393,0,2311330.19724395,5035710.85832046,T,T
32,1,2394,2400,2395,0,2311343.41595168,5035697.2706479,T,T
33,1,2036,2051,2035,2037,2311607.97976952,5035699.4102814,T,T
34,1,2055,0,0,0,2311959.73098399,5035687.82226633,F,T
35,1,2395,2396,0,0,2311319.29572703,5035678.47386762,T,T
36,1,2037,2047,2038,0,2311580.10750993,5035663.34645881,T,T
37,1,2050,2052,2051,0,2311670.79955459,5035664.01634406,T,T
38,1,2390,2391,0,0,2311139.68457731,5035649.21887874,T,T
39,1,2038,2047,2045,2039,2311534.80271876,5035641.47020601,T,T
40,1,2046,2401,2045,0,2311500.25925858,5035627.23264478,T,T
41,1,2052,2054,2053,0,2311760.75768472,5035621.87356274,T,T
42,1,2200,0,0,0,2310014.57711408,5035606.18624984,F,T
43,1,2409,2050,2049,0,2311621.17373856,5035603.9166386,T,T
44,1,2399,2401,2400,0,2311455.80382916,5035595.92800698,T,T
45,1,2383,2388,2384,0,2310913.10289783,5035591.3187965,T,T
46,1,2382,2386,2383,0,2310988.26729018,5035592.35861838,T,T
47,1,2381,2390,2382,2378,2311124.01673908,5035579.88075573,T,T
48,1,2047,2404,2402,0,2311527.38935741,5035578.10106057,T,T
49,1,2408,2049,2048,0,2311689.04021678,5035567.82282114,T,T
50,1,2054,2056,2055,0,2311913.81597175,5035561.86384186,T,T
51,1,2412,2380,2381,0,2311182.20214253,5035560.57406279,T,T
52,1,2410,2057,2053,2048,2311731.08774685,5035553.73523422,T,T
53,1,2449,0,0,0,2312117.39891396,5035551.2156658,F,T
54,1,2409,2404,2405,0,2311570.22852562,5035542.53715235,T,T
55,1,2384,2448,2385,0,2310732.57641651,5035522.17064095,T,T
56,1,2411,2414,2413,0,2311300.24693424,5035506.43333661,T,T
57,1,2407,2410,0,0,2311711.38750183,5035514.13201789,T,T
58,1,2499,2057,2056,0,2311898.76660082,5035510.21268924,T,T
59,1,2451,0,0,0,2312179.64146289,5035497.97478548,F,T
60,1,2408,2405,2406,0,2311641.80580763,5035490.13612817,T,T
61,1,2385,2202,2496,2446,2310650.61713011,5035481.01769008,T,T
62,1,2398,2414,2343,2342,2311343.21804214,5035476.91839225,T,T
63,1,2406,2407,0,0,2311686.69004105,5035465.95027099,T,T
64,1,2498,2499,0,0,2311889.54731496,5035456.3519151,T,T
65,1,2341,2363,2342,0,2311359.68576474,5035453.65237751,T,T
66,1,2353,2387,0,0,2310977.68737626,5035453.41241861,T,T
67,1,2449,2450,0,0,2312059.93093259,5035446.45361059,T,T
68,1,2338,2403,2341,2339,2311413.07186195,5035411.46960303,T,T
69,1,2178,2500,2498,0,2311873.27750189,5035404.48080015,T,T
70,1,2356,2355,2379,0,2311085.92739973,5035386.92380751,T,T
71,1,2195,2199,2196,0,2310266.73860103,5035365.33750505,T,T
72,1,2331,2338,2337,0,2311506.79851948,5035329.95356599,T,T
73,1,2367,2368,0,0,2311776.11216618,5035321.58499945,T,T
74,1,2354,2358,2357,0,2311064.92425027,5035302.23831337,T,T
75,1,2500,2505,0,0,2311932.03189525,5035301.59842297,T,T
76,1,2357,2491,0,0,2311062.62355192,5035279.77216161,T,T
77,1,2179,2505,2454,0,2311932.18857363,5035274.68303334,T,T
78,1,2358,2359,2364,0,2311101.19941888,5035272.67337757,T,T
79,1,2336,2365,2337,0,2311602.62796583,5035272.44341696,T,T
80,1,2214,2201,2497,0,2310454.76090601,5035274.16312239,T,T
81,1,2091,0,0,0,2312448.81492366,5035264.65475109,F,T
82,1,2450,2060,2180,0,2311956.01193397,5035244.87813864,T,T
83,1,2344,2360,2359,2345,2311131.56204013,5035244.05827908,T,T
84,1,2347,2348,2346,0,2311035.41923701,5035241.95863873,T,T
85,1,2335,2369,2336,0,2311630.62391888,5035236.06964746,T,T
86,1,2453,2456,0,0,2311788.53923577,5035221.09221296,T,T
87,1,2194,2201,2195,0,2310382.55691047,5035218.53265139,T,T
88,1,2206,2207,0,0,2310684.98741944,5035212.77363785,T,T
89,1,2197,2198,0,0,2310063.41129197,5035211.45386392,T,T
90,1,2349,2351,2350,2348,2310987.49214449,5035210.00411225,T,T
91,1,2350,2204,2205,0,2310876.89369906,5035206.15477161,T,T
92,1,2360,2362,2361,0,2311183.4308309,5035193.77689183,T,T
93,1,2321,2361,2322,0,2311165.15718378,5035179.46934258,T,T
94,1,2373,2490,2454,2453,2311858.85484449,5035176.71981355,T,T
95,1,2324,2340,2325,0,2311248.36989724,5035175.26006359,T,T
96,1,2318,2321,2319,0,2311118.07120679,5035155.47345286,T,T
97,1,2059,2490,2060,0,2311948.62331131,5035150.40432115,T,T
98,1,2058,2067,2059,0,2311967.21856142,5035143.13556623,T,T
99,1,2159,0,0,0,2312742.42196585,5035141.43585737,F,T
100,1,2334,2370,2335,0,2311664.80454491,5035140.25605946,T,T
101,1,2325,2328,2327,0,2311318.25670197,5035130.36775324,T,T
102,1,2452,2061,2058,0,2312011.37712654,5035127.4682499,T,T
103,1,2322,2324,2323,0,2311205.58020641,5035125.90851706,T,T
104,1,2061,2068,2062,0,2312040.65124533,5035119.54960629,T,T
105,1,2326,2327,0,0,2311323.44358105,5035116.92005671,T,T
106,1,2319,2320,0,0,2311158.98075703,5035117.14001903,T,T
107,1,2493,2185,2198,0,2309984.9566536,5035113.47064756,T,T
108,1,2371,2373,2372,0,2311789.25665783,5035107.62164944,T,T
109,1,2471,0,0,0,2312883.03669084,5035100.97278833,F,T
110,1,2062,2073,2063,0,2312134.50159633,5035101.83264104,T,T
111,1,2318,2299,2298,2349,2311047.93701514,5035088.28496164,T,T
112,1,2157,2374,2372,0,2311789.96583367,5035087.58508152,T,T
113,1,2326,2315,2314,0,2311272.05307166,5035082.27599092,T,T
114,1,2064,2073,2071,2063,2312167.56898122,5035070.82795187,T,T
115,1,2312,2315,2323,0,2311236.23969196,5035065.66883558,T,T
116,1,2297,2298,0,0,2310941.22254433,5035061.65952234,T,T
117,1,2160,0,0,0,2312768.5377783,5035059.60987342,T,T
118,1,2073,2086,2072,0,2312312.07592708,5035048.34180354,T,T
119,1,2154,2067,2066,0,2311932.08961887,5035043.10270095,T,T
120,1,2192,0,0,0,2310324.64363264,5035040.31317877,T,T
121,1,2161,2091,2086,2177,2312406.1489263,5035039.54331064,T,T
122,1,2300,2299,2301,0,2311084.64098775,5035040.64312225,T,T
123,1,2300,0,0,0,2311055.82041163,5035027.59535722,T,T
124,1,2186,0,0,0,2310093.13895345,5035024.595871,T,T
125,1,2193,2192,2191,2210,2310391.09175919,5035021.38642075,T,T
126,1,2153,2068,2066,0,2311962.54294865,5035016.38727706,T,T
127,1,2211,2102,2209,0,2310477.2236383,5035011.73807343,T,T
128,1,2457,2334,2333,0,2311564.10157625,5035009.62843479,T,T
129,1,2185,2187,2186,0,2310024.95087224,5034997.75046938,T,T
130,1,2071,2072,2083,0,2312298.07382744,5034996.10075196,T,T
131,1,2151,2065,2064,0,2312149.46025872,5034989.87181892,T,T
132,2,2296,2297,0,0,2310962.37412594,5035009.15851528,T,T
133,1,2317,2316,0,0,2311204.46696528,5034977.03401792,T,T
134,1,2332,2333,0,0,2311496.22685179,5034974.25449402,T,T
135,1,2295,2296,0,0,2311008.62723364,5034961.18673241,T,T
136,1,2173,2170,2162,0,2312688.96165256,5034960.07692251,T,T
137,1,2210,2215,0,0,2310408.43358224,5034959.82696533,T,T
138,1,2301,2302,0,0,2311102.43635348,5034947.27911466,T,T
139,1,2503,2126,2022,0,2310750.47898324,5034943.73972093,T,T
140,1,2187,2190,2188,0,2310059.0325435,5034931.92174524,T,T
141,1,2215,2009,2105,0,2310421.09154628,5034929.28219737,T,T
142,1,2308,2313,2307,2332,2311369.58948775,5034915.65453167,T,T
143,1,2158,2075,2139,0,2311798.42646631,5034909.99550101,T,T
144,1,2009,2106,2012,0,2310410.64357205,5034904.81638814,T,T
145,1,2152,2143,2069,2065,2312010.4782874,5034894.48815728,T,T
146,1,2302,2316,2303,0,2311155.51734016,5034891.89860084,T,T
147,1,2188,2189,0,0,2310077.36391423,5034878.56088547,T,T
148,1,2309,2311,2307,2306,2311262.7265848,5034880.00063886,T,T
149,1,2305,2306,2310,0,2311222.04792902,5034865.21317182,T,T
150,1,2010,0,0,0,2310477.93281413,5034856.29469947,T,T
151,1,2303,2305,2304,0,2311174.34348472,5034851.60550269,T,T
152,1,2008,2012,2011,0,2310421.09154628,5034845.50654738,T,T
153,1,2463,2069,2142,0,2311954.31321046,5034835.24830453,T,T
154,1,2014,2124,2104,2103,2310643.6738039,5034834.3984501,T,T
155,1,2238,2237,2304,0,2311136.93033628,5034831.33897416,T,T
156,1,2478,0,0,0,2313452.70279639,5034830.61909747,F,T
157,1,2074,2076,2075,0,2311736.21690231,5034829.68925674,T,T
158,1,2014,2125,2022,0,2310707.83772457,5034828.6094417,T,T
159,1,2458,2074,2135,0,2311722.86625489,5034822.2705275,T,T
160,1,2138,2076,0,0,2311769.68835251,5034809.22276247,T,T
161,1,2010,2013,2011,0,2310433.5268621,5034802.29394931,T,T
162,1,2085,2084,2083,0,2312292.91993328,5034804.3635948,T,T
163,1,2007,2107,2008,0,2310246.92290879,5034802.37393561,T,T
164,1,2150,2085,2070,0,2312210.49885797,5034798.8145453,T,T
165,1,2236,2293,2237,0,2311050.44386925,5034796.63491865,T,T
166,1,2070,2146,2145,0,2312168.78942335,5034787.64645829,T,T
167,1,2006,2108,2007,0,2310164.52657216,5034782.52733515,T,T
168,1,2465,2466,0,0,2312423.25160866,5034778.07809727,T,T
169,1,2235,2236,2292,0,2310990.68343575,5034766.68004965,T,T
170,1,2376,2459,0,0,2311472.84054168,5034766.36010445,T,T
171,1,2218,2189,2006,0,2310093.57600368,5034764.80037162,T,T
172,1,2244,0,0,0,2311323.35287251,5034761.56092651,T,T
173,1,2101,0,0,0,2313477.82081494,5034760.78106009,F,T
174,1,2134,2077,0,0,2311654.05970638,5034760.87104468,T,T
175,1,2005,2109,2013,0,2310380.86643319,5034761.34096419,T,T
176,1,2469,2090,2089,0,2312767.33382863,5034765.88018666,T,T
177,1,2468,2467,0,0,2312579.76506634,5034743.82396469,T,T
178,1,2233,2235,2234,0,2310953.33625716,5034735.83533307,T,T
179,1,2472,2090,0,0,2312842.41575867,5034737.75500425,T,T
180,1,2462,2077,2501,0,2311633.88117998,5034738.78482785,T,T
181,1,2096,2163,0,0,2313246.23367345,5034735.4953913,T,T
182,1,2128,2459,2078,0,2311492.55727916,5034725.98702,T,T
183,1,2502,2149,2136,0,2311813.8139327,5034711.30953412,T,T
184,1,2096,2166,2097,0,2313301.56588109,5034708.04009414,T,T
185,1,2461,2078,2291,0,2311515.24265967,5034700.85132551,T,T
186,1,2172,2087,2088,0,2312648.40669024,5034700.72134778,T,T
187,1,2460,2242,2241,0,2311262.0009165,5034700.23143169,T,T
188,1,2174,2087,2468,0,2312621.68890294,5034699.33158583,T,T
189,1,2218,2219,0,0,2310113.8699773,5034697.05197631,T,T
190,1,2476,2089,2088,0,2312745.3163928,5034688.71340463,T,T
191,1,2097,2101,2098,0,2313381.93364497,5034656.0090066,T,T
192,1,2501,2502,0,0,2311712.90480827,5034653.11950154,T,T
193,1,2004,2005,2123,0,2310458.96648364,5034638.95192832,T,T
194,1,2460,2132,2021,0,2311305.77190877,5034632.55302439,T,T
195,1,2001,2495,0,0,2309655.67641764,5034617.35562757,T,T
196,1,2492,2127,2020,0,2311388.17649163,5034601.23838831,T,T
197,1,2288,2287,2291,0,2311552.32595888,5034600.4485236,T,T
198,1,2021,2130,2129,0,2311322.48701829,5034597.5990117,T,T
199,1,2232,2253,2234,0,2310954.03718676,5034598.58884215,T,T
200,1,2084,0,0,0,2312288.68137073,5034594.22958885,F,T
201,1,2466,0,0,0,2312363.53240631,5034583.23147273,F,T
202,1,2148,0,0,0,2312126.55222998,5034582.37162001,F,T
203,1,2110,2111,0,0,2310112.98763062,5034580.58192657,T,T
204,1,2015,2231,0,0,2310724.78372855,5034575.21284625,T,T
205,1,2082,2081,2504,0,2311858.00548273,5034562.644999,T,T
206,1,2464,0,0,0,2312026.80582408,5034562.67499387,F,T
207,1,2004,2114,2115,0,2310344.75618918,5034564.42469416,T,T
208,1,2020,2133,2079,0,2311396.20007405,5034560.49536722,T,T
209,1,2015,2122,0,0,2310593.8665708,5034555.42623551,T,T
210,1,2230,2253,2252,0,2310952.97342301,5034548.41743606,T,T
211,1,2079,2287,2286,0,2311432.03819244,5034548.05749771,T,T
212,1,2175,0,0,0,2312564.19618287,5034529.13073969,F,T
213,1,2080,2081,0,0,2311736.34059577,5034526.41120553,T,T
214,1,2003,2113,0,0,2310137.15733265,5034516.16296096,T,T
215,1,2082,0,0,0,2311871.43859246,5034509.93402792,F,T
216,1,2222,2229,2223,0,2310780.72615725,5034503.86506747,T,T
217,1,2092,2165,2164,0,2313183.67776776,5034483.48855779,T,T
218,1,2222,2221,2220,0,2310727.10091936,5034483.59853895,T,T
219,1,2263,0,0,0,2311163.77181703,5034481.52889346,T,T
220,1,2226,2251,2252,2245,2310977.90177825,5034481.05897395,T,T
221,1,2016,2220,0,0,2310673.07161616,5034472.03052044,T,T
222,1,2225,2227,2226,0,2310942.89652916,5034469.41096915,T,T
223,1,2100,0,0,0,2313623.80383608,5034464.07188369,F,T
224,1,2001,0,0,0,2309550.42152966,5034462.22220052,F,T
225,1,2002,2112,2003,0,2310030.34390708,5034462.33218168,T,T
226,1,2080,0,0,0,2311752.42899176,5034460.90242659,F,T
227,1,2223,2224,0,0,2310811.84743172,5034450.70417346,T,T
228,1,2095,2099,2098,0,2313384.80333324,5034450.59419229,T,T
229,1,2477,0,0,0,2312669.14596032,5034439.67606247,F,T
230,1,2118,2117,2016,0,2310524.54050975,5034435.71674067,T,T
231,1,2250,2254,2251,0,2311030.32306647,5034426.2583608,T,T
232,1,2095,2169,2094,0,2313294.15251974,5034424.89859372,T,T
233,1,2092,2094,2093,0,2313184.56836067,5034418.92961615,T,T
234,1,2483,2093,0,0,2313155.25301072,5034417.89979255,T,T
235,1,2249,2255,2250,0,2311055.68022571,5034410.0111438,T,T
236,1,2254,0,0,0,2311007.96753519,5034392.99405868,T,T
237,1,2255,2257,2256,0,2311080.93843019,5034390.16454335,T,T
238,1,2002,0,0,0,2310031.02009799,5034386.42518386,F,T
239,1,2482,2481,2480,0,2312772.1166424,5034385.54533457,T,T
240,1,2257,2263,2258,0,2311122.72208087,5034371.2577819,T,T
241,1,2481,0,0,0,2312760.09363812,5034368.69822033,F,T
242,1,2282,2285,2283,0,2311631.42380325,5034365.46877351,T,T
243,1,2283,0,0,0,2311691.43162367,5034363.18916398,F,T
244,1,2485,2100,2099,0,2313434.15702366,5034359.56978395,T,T
245,1,2256,0,0,0,2311065.75711956,5034356.65028403,T,T
246,1,2258,2271,2261,2259,2311180.47043409,5034352.33102388,T,T
247,1,2279,2281,2282,0,2311474.69594357,5034350.05141436,T,T
248,1,2280,2281,2284,0,2311437.92600112,5034346.02210455,T,T
249,1,2280,2272,2270,2269,2311349.05637344,5034341.95280158,T,T
250,1,2265,2271,2270,2266,2311315.04067202,5034339.58320747,T,T
251,1,2017,2119,0,0,2310655.31748158,5034332.25446282,T,T
252,1,2116,0,0,0,2310408.56552193,5034322.64610864,F,T
253,1,2017,2120,2018,0,2310700.86141344,5034304.42922903,T,T
254,1,2484,2486,2485,0,2313447.49117862,5034264.83601099,T,T
255,1,2228,2019,2018,0,2310829.3871643,5034225.80269704,T,T
256,1,2486,2487,0,0,2313448.90128406,5034197.23758999,T,T
257,1,2484,2183,0,0,2313163.36730168,5034180.46046376,T,T
258,1,2019,0,0,0,2310802.19109563,5034179.34065557,F,T
259,1,2182,0,0,0,2313068.93971454,5034152.2153019,F,T
260,1,2277,0,0,0,2311523.78575462,5034134.87827157,F,T
1001,1,3101,0,0,0,2310237.92627115,5034091.32573173,F,F
261,1,2276,0,0,0,2311046.80728154,5034086.3565829,F,T
262,1,2275,0,0,0,2311120.27295037,5034058.20140562,F,T
1002,1,3013,0,0,0,2309731.87158881,5034055.15192797,F,F
1003,1,3006,0,0,0,2310399.50291445,5034036.39514084,F,F
1004,1,3098,0,0,0,2312072.83628355,5034035.62527271,F,F
263,1,2274,0,0,0,2311369.38333198,5034035.38531382,F,T
264,1,2488,0,0,0,2313722.9894983,5033988.88327919,F,T
1005,1,3012,3014,3013,0,2309697.44357586,5033925.94406011,T,F
1006,1,3003,0,0,0,2310626.93395569,5033911.51653142,F,F
1007,1,3010,3012,3011,0,2309783.02295752,5033888.53046872,T,F
1008,1,3005,3007,3006,0,2310332.18068745,5033879.85195527,T,F
1009,1,3098,3100,3099,0,2312111.48636659,5033868.64387511,T,F
1010,1,3008,3010,3009,0,2309905.94127154,5033859.00552608,T,F
265,1,2181,0,0,0,2313399.36617656,5033845.36786208,F,T
1011,1,3031,0,0,0,2310889.89800479,5033806.14458068,F,F
1012,1,3008,0,0,0,2310077.59480869,5033797.30609463,F,F
1013,1,3102,0,0,0,2310122.61922802,5033789.01751439,F,F
1014,1,3014,0,0,0,2309584.94849738,5033781.20885194,F,F
1015,1,3003,3005,3004,0,2310583.94635533,5033781.25884338,T,F
1016,1,3009,0,0,0,2309943.29669637,5033752.04384764,F,F
1017,1,3001,0,0,0,2311056.19973824,5033749.4642895,F,F
1018,1,3011,0,0,0,2309829.93576367,5033723.40875258,F,F
1019,1,3007,0,0,0,2310252.06031048,5033704.0520682,F,F
1020,1,3099,0,0,0,2312211.08434034,5033689.64453608,F,F
1021,1,3096,0,0,0,2311416.84863559,5033688.41474673,F,F
1022,1,3033,3031,3030,0,2310832.01771188,5033662.72914644,T,F
1023,1,3100,0,0,0,2312030.1208088,5033637.06354273,F,F
1024,1,3001,3033,3002,0,2311008.91585172,5033622.11610309,T,F
1025,1,3032,0,0,0,2310708.94271947,5033602.38948208,T,F
1026,1,3029,3032,3030,0,2310774.68167019,5033586.23224967,T,F
1027,1,3004,0,0,0,2310505.70611895,5033558.72696108,F,F
266,1,2489,0,0,0,2313774.62739461,5033531.98154232,F,T
1028,1,3029,0,0,0,2310720.009161,5033515.34439212,F,F
1029,1,3002,0,0,0,2310952.14879994,5033486.79928164,F,F
1030,1,3097,0,0,0,2311382.19797441,5033437.71768887,F,F
1031,1,3015,3037,3036,0,2313181.25337595,5037545.19411534,T,F
1032,1,3047,3041,3040,0,2313428.98663704,5037222.29942428,T,F
1033,1,3124,3046,3016,0,2313285.23834441,5037006.53638254,T,F
1034,1,3123,3108,3124,0,2313027.69206884,5037017.69447126,T,F
1035,1,3122,3045,3043,0,2312685.67140653,5037226.86864161,T,F
1036,1,3018,3064,3063,0,2314208.97285524,5032267.59811976,T,F
1037,1,3019,3065,3055,0,2314078.9462904,5032111.0449359,T,F
1038,1,3020,3059,3058,0,2313972.80080952,5031654.55312881,T,F
1039,1,3021,3119,3022,0,2311781.24956787,5027968.09458579,T,F
1040,1,3073,3027,3022,0,2311877.64800414,5027864.5023302,T,F
1041,1,3023,3072,3024,0,2311514.69840844,5027618.22451536,T,F
1042,1,3024,3080,3025,0,2311537.4497588,5027514.39230088,T,F
1043,1,3025,3081,3026,0,2311649.5984956,5027555.79520894,T,F
1044,1,3026,3079,3027,0,2311746.35151978,5027582.20068592,T,F
1045,1,3103,0,0,0,2312515.77431652,5037411.44702501,F,F
1046,1,3122,0,0,0,2312461.6048274,5037342.14889515,F,F
1047,1,3034,0,0,0,2312493.60020231,5037554.53251576,F,F
1048,1,3015,0,0,0,2313217.36361995,5037676.76157903,F,F
1049,1,3042,0,0,0,2313621.83298695,5037440.83199163,F,F
1050,1,3016,0,0,0,2313283.6220832,5036752.13995834,F,F
1051,1,3109,0,0,0,2312772.47123032,5036544.57551225,F,F
1052,1,3044,0,0,0,2312534.73240077,5036879.74810022,F,F
1053,1,3105,0,0,0,2312421.95695045,5036896.85516994,F,F
1054,1,3054,0,0,0,2317185.51577709,5039995.66437197,F,F
1055,1,3117,0,0,0,2317262.89840548,5040327.71749428,F,F
1056,1,3112,0,0,0,2317860.29658469,5040391.53656265,F,F
1057,1,3051,0,0,0,2318222.69368293,5040354.1729627,F,F
1058,1,3116,0,0,0,2318228.35884339,5039905.31984717,F,F
1059,1,3053,0,0,0,2318367.38204586,5039957.71087306,F,F
1060,1,3113,0,0,0,2318348.08586615,5040327.89746345,F,F
1061,1,3095,0,0,0,2315019.09080023,5033791.80703657,F,F
1062,1,3066,0,0,0,2314731.97354156,5033200.43833267,F,F
1063,1,3068,0,0,0,2314409.81804888,5032839.45016668,F,F
1064,1,3062,0,0,0,2314010.01604843,5032565.56708037,F,F
1065,1,3018,0,0,0,2313895.47590474,5032330.29737994,F,F
1066,1,3019,0,0,0,2313843.67308382,5032194.31067323,F,F
1067,1,3020,0,0,0,2313671.73917483,5031730.44013006,F,F
1068,1,3061,0,0,0,2313570.70635694,5031453.81751301,F,F
1069,1,3090,0,0,0,2313435.30324972,5031215.88826813,F,F
1070,1,3089,0,0,0,2313303.83359452,5030979.80870642,F,F
1071,1,3087,0,0,0,2312962.8602035,5030436.73173059,F,F
1072,1,3086,0,0,0,2312637.30726379,5029906.98247185,F,F
1073,1,3085,0,0,0,2312409.81849893,5029537.3957787,F,F
1074,1,3084,0,0,0,2312222.87645017,5029231.57816249,F,F
1075,1,3082,0,0,0,2311733.81724919,5028416.01786059,F,F
1076,1,3083,0,0,0,2311685.07377984,5028335.08172421,F,F
1077,1,3021,0,0,0,2311581.86395706,5028161.15151688,F,F
1078,1,3069,0,0,0,2311457.78292452,5027868.97156466,F,F
1079,1,3023,0,0,0,2311453.47839212,5027625.75322576,F,F
1080,1,3017,0,0,0,2317979.88342153,5040087.74859878,F,F
1081,1,3125,3050,0,0,2318185.28878072,5040185.53184939,T,F
1082,1,3017,3115,3048,0,2318027.86823767,5040151.22772538,T,F
1083,1,3028,3093,3091,0,2309802.45107692,5024959.13999247,T,F
1084,1,3028,0,0,0,2309769.65581764,5025149.62736371,F,F
267,2,2275,2264,0,0,2311204.26905574,5034245.11938827,T,T
268,2,2264,2265,0,0,2311315.03242579,5034240.08025143,T,T
269,2,2117,2122,0,0,2310509.49113882,5034536.34950318,T,T
270,2,2118,2119,0,0,2310521.1100778,5034376.78683483,T,T
271,2,2115,2116,0,0,2310415.76448128,5034449.59436356,T,T
272,2,2121,2221,0,0,2310739.53623517,5034430.22768089,T,T
273,2,2120,2121,0,0,2310734.11846164,5034375.23710028,T,T
274,2,2225,2224,0,0,2310868.11146342,5034472.83038343,T,T
275,2,2108,2109,0,0,2310196.57142446,5034718.36832501,T,T
276,2,2110,2219,0,0,2310151.64595989,5034599.08875652,T,T
277,2,2111,2112,0,0,2310016.8695662,5034538.67910415,T,T
278,2,2113,2114,0,0,2310263.18447562,5034526.28122779,T,T
279,2,2123,2124,0,0,2310610.18586125,5034716.82858875,T,T
280,2,2104,2105,0,0,2310494.00471766,5034876.38125882,T,T
281,2,2216,2102,0,0,2310595.31790739,5034953.51804599,T,T
282,2,2216,2217,0,0,2310596.3157013,5034924.38303655,T,T
283,2,2217,2103,0,0,2310642.84093461,5034905.99618606,T,T
284,2,2106,2107,0,0,2310233.8773719,5034858.47432612,T,T
285,2,2233,2125,0,0,2310834.35964138,5034750.48282409,T,T
286,2,2292,2126,0,0,2310897.71543144,5034859.92407779,T,T
287,2,2294,2295,0,0,2310986.99737066,5034921.47353492,T,T
288,2,2293,2294,0,0,2311038.8331765,5034881.8703186,T,T
289,2,2208,2184,0,0,2310618.35787582,5035075.5571418,T,T
290,2,2205,2206,0,0,2310834.35964138,5035159.79271301,T,T
291,2,2351,2352,0,0,2310943.07794623,5035300.18866445,T,T
292,2,2347,2491,0,0,2311057.55212007,5035262.02520151,T,T
293,2,2354,2355,2364,0,2311107.22741349,5035364.44765747,T,T
294,2,2356,2377,0,0,2311063.30798906,5035407.65025725,T,T
295,2,2212,2213,0,0,2310516.83853032,5035120.37946414,T,T
296,2,2211,2212,0,0,2310491.63804947,5035103.81230194,T,T
297,2,2365,2366,0,0,2311660.18665575,5035317.29573417,T,T
298,2,2367,2366,0,0,2311713.46555196,5035305.05783041,T,T
299,3,2455,2369,0,0,2311697.49260319,5035255.3763404,T,T
300,2,2156,2374,0,0,2311868.26379366,5035069.61815909,T,T
301,2,2156,2155,0,0,2311863.2171005,5035050.18148842,T,T
302,2,2154,2155,0,0,2311922.977534,5035029.30506436,T,T
303,2,2179,2180,0,0,2311939.53596514,5035252.49683363,T,T
304,2,2178,2368,0,0,2311830.81766029,5035338.17215822,T,T
305,2,2157,2158,0,0,2311762.42342331,5034934.98122118,T,T
306,2,2139,2140,0,0,2311853.14020665,5034906.90603021,T,T
307,2,2141,2140,0,0,2311888.41758136,5034890.33886801,T,T
308,2,2142,2141,0,0,2311932.33700579,5034821.22070733,T,T
309,2,2152,2153,0,0,2311996.41846414,5034967.38567059,T,T
310,2,2143,2144,0,0,2312043.94149136,5034836.33811785,T,T
311,2,2144,2145,0,0,2312072.01990671,5034844.98663644,T,T
312,2,2147,2148,0,0,2312118.09984357,5034754.26217672,T,T
313,2,2147,2146,0,0,2312133.93260641,5034754.98205341,T,T
314,2,2150,2151,0,0,2312212.41198348,5034844.98663644,T,T
315,2,2465,2176,0,0,2312403.21326819,5034864.42330711,T,T
316,2,2177,2176,0,0,2312419.77169932,5034945.05949486,T,T
317,2,2159,2160,0,0,2312713.53541989,5035084.01569293,T,T
318,2,2170,2171,0,0,2312740.89641318,5034929.94208434,T,T
319,2,2467,2173,0,0,2312533.53669733,5034830.57910432,T,T
320,2,2172,2171,0,0,2312644.41551461,5034728.34661582,T,T
321,2,2174,2175,0,0,2312629.2919276,5034617.82554708,T,T
322,2,2163,2164,0,0,2313172.17427601,5034751.02273161,T,T
323,2,2166,2167,0,0,2313247.05005028,5034584.70122097,T,T
324,2,2168,2167,0,0,2313254.97467793,5034494.70663623,T,T
325,2,2168,2169,0,0,2313285.93102778,5034459.42268005,T,T
326,2,2479,2165,0,0,2312971.29609745,5034507.66441668,T,T
327,2,2130,2131,0,0,2311312.43486314,5034555.54621496,T,T
328,2,2131,2268,2267,0,2311349.15532821,5034544.74806459,T,T
329,2,2133,2268,0,0,2311371.46962834,5034557.70584504,T,T
330,2,2492,2129,0,0,2311364.27066898,5034587.94066609,T,T
331,2,2127,2128,0,0,2311405.31215891,5034657.77870346,T,T
332,2,2247,2248,0,0,2311156.91095314,5034555.54621496,T,T
333,2,2246,2247,0,0,2311130.99305021,5034574.98288564,T,T
334,2,2288,2289,0,0,2311560.82782268,5034582.18165255,T,T
335,2,2289,2290,0,0,2311582.42470075,5034578.58226909,T,T
336,2,2239,2240,0,0,2311180.67658986,5034733.73569272,T,T
337,2,2240,2241,0,0,2311236.83342056,5034747.41334986,T,T
338,2,2242,2243,0,0,2311298.0286982,5034727.25680249,T,T
339,2,2132,2262,0,0,2311274.26306147,5034602.70813655,T,T
340,2,2137,2138,0,0,2311822.1838568,5034776.57835416,T,T
341,2,2136,2137,0,0,2311807.0602698,5034741.29439798,T,T
342,2,2134,2135,0,0,2311652.26202809,5034782.33736769,T,T
343,2,2162,2161,0,0,2312587.5330156,5035014.17765555,T,T
344,2,2479,2480,0,0,2312781.98738049,5034423.15889171,T,T
345,2,2317,2320,0,0,2311204.43398035,5035059.17994706,T,T
346,2,2346,2345,0,0,2311084.19569129,5035191.6572549,T,T
347,2,2396,2397,0,0,2311296.58560783,5035669.00548947,T,T
348,2,2397,2415,0,0,2311351.30759441,5035571.09226112,T,T
349,2,2444,2439,0,0,2310392.2792164,5035647.40918872,T,T
350,2,2422,2423,0,0,2310527.63284624,5036061.39827614,T,T
351,2,2440,2441,0,0,2310942.35227793,5035864.12206777,T,T
352,2,2441,2442,0,0,2310989.86705892,5035881.39910837,T,T
353,2,2419,2420,0,0,2310732.11462759,5036202.51410427,T,T
354,2,2446,2447,0,0,2310619.79271995,5035509.89274404,T,T
355,2,2447,2448,0,0,2310691.79055973,5035580.45065811,T,T
356,2,2424,2423,0,0,2310806.99040186,5035933.24022845,T,T
357,2,2328,2329,0,0,2311340.50503226,5035150.25434684,T,T
358,2,2329,2330,0,0,2311362.11015655,5035156.73323707,T,T
359,2,2487,2181,0,0,2313445.04204811,5034040.39445579,T,T
360,2,2182,2183,0,0,2313089.36562785,5034169.99225686,T,T
361,2,2207,2208,0,0,2310638.51166352,5035159.61274384,T,T
362,2,2503,2184,0,0,2310642.83268838,5035037.21370968,T,T
363,3,2213,2214,0,0,2310497.39391846,5035199.93583685,T,T
364,2,2199,2200,0,0,2310184.91950055,5035515.29181923,T,T
365,2,2375,2376,0,0,2311448.50591504,5034825.18002913,T,T
1085,2,3044,3045,0,0,2312691.79010967,5036968.95282026,T,F
1086,2,3123,3043,0,0,2312832.75942258,5037246.24532256,T,F
1087,2,3107,3110,0,0,2313018.64595382,5036855.86219166,T,F
1088,2,3039,3040,0,0,2313396.62842799,5037281.86922051,T,F
1089,2,3041,3042,0,0,2313532.94686681,5037238.49664984,T,F
1090,2,3034,3035,0,0,2312914.8588949,5037587.04694633,T,F
1091,2,3035,3036,0,0,2313037.24120393,5037520.43835578,T,F
1092,2,3038,3039,0,0,2313246.36561314,5037362.42542197,T,F
1093,2,3037,3038,0,0,2313224.67802654,5037480.15525591,T,F
1094,2,3047,3046,0,0,2313391.98580013,5037108.36893954,T,F
1095,2,3048,3049,0,0,2318074.92122974,5040226.32486192,T,F
1096,2,3052,3053,0,0,2318332.07168623,5040007.90227573,T,F
1097,2,3052,3114,0,0,2318431.98301675,5040079.92993805,T,F
1098,2,3050,3051,0,0,2318229.05152676,5040237.16300544,T,F
1099,2,3054,3118,0,0,2317295.71840345,5040069.09179452,T,F
1100,2,3066,3067,0,0,2314848.13819268,5032963.35894223,T,F
1101,2,3067,3068,0,0,2314646.75699406,5032653.54201106,T,F
1102,2,3062,3063,0,0,2314225.39934669,5032489.34013736,T,F
1103,2,3064,3065,0,0,2314172.73067155,5032170.22479893,T,F
1104,2,3056,3057,0,0,2314132.45608107,5031920.03765372,T,F
1105,2,3057,3058,0,0,2314123.1543329,5031848.77985953,T,F
1106,2,3055,3056,0,0,2314068.9353664,5032050.16536402,T,F
1107,2,3059,3060,0,0,2313864.46183128,5031438.27017613,T,F
1108,2,3060,3061,0,0,2313853.61803798,5031277.15777322,T,F
1109,2,3027,3070,3069,0,2311763.8747599,5027854.42405652,T,F
1110,2,3071,3072,0,0,2311742.1871733,5027688.67244827,T,F
1111,2,3027,3071,3070,0,2311785.5623465,5027794.01440415,T,F
1112,2,3073,3074,0,0,2311915.68786611,5027893.15742185,T,F
1113,2,3075,3076,0,0,2311994.69500194,5027821.89962766,T,F
1114,2,3076,3077,0,0,2311863.01919097,5027522.92084002,T,F
1115,2,3078,3079,0,0,2311759.23213205,5027527.56004537,T,F
1116,2,3077,3078,0,0,2311811.90080719,5027508.97322912,T,F
1117,2,3074,3075,0,0,2311979.20033455,5027860.6229947,T,F
1118,2,3080,0,0,0,2311587.2817306,5027199.15629795,T,F
1119,2,3081,0,0,0,2311668.76273562,5027460.24157641,T,F
1120,2,3082,0,0,0,2311762.9594283,5028395.79132521,T,F
1121,2,3083,0,0,0,2311770.59543788,5028263.41400024,T,F
1122,2,3120,0,0,0,2311992.07270059,5028230.319669,T,F
1123,2,3084,0,0,0,2312368.84297885,5029149.31225389,T,F
1124,2,3085,0,0,0,2312552.13194744,5029447.16123506,T,F
1125,2,3086,0,0,0,2312849.9857984,5029841.75364495,T,F
1126,2,3087,3088,0,0,2313221.65990612,5030317.80210216,T,F
1127,2,3088,0,0,0,2313201.29171642,5030279.60864436,T,F
1128,2,3089,0,0,0,2313359.124571,5030938.95570417,T,F
1129,2,3090,0,0,0,2313496.59748212,5031183.3438427,T,F
1130,2,3095,0,0,0,2315141.11852134,5033717.60974589,T,F
1131,2,3093,3094,0,0,2310054.78573472,5024808.88572966,T,F
1132,2,3094,0,0,0,2309998.77733616,5024747.78619546,T,F
1133,2,3091,3092,0,0,2309642.3752476,5024717.2414275,T,F
1134,2,3092,0,0,0,2309690.74763658,5024686.68666126,T,F
1135,3,3096,3097,0,0,2311404.02574693,5033569.90504637,T,F
1136,3,3101,3102,0,0,2310180.72216916,5033941.65136959,T,F
366,3,2278,2279,0,0,2311483.07411391,5034288.841899,T,T
367,3,2277,2278,0,0,2311509.01675553,5034170.03225001,T,T
368,3,2272,2273,0,0,2311355.18332281,5034266.55571642,T,T
369,3,2259,2260,0,0,2311153.1341795,5034297.0804878,T,T
370,3,2260,2276,0,0,2311065.83958187,5034135.92809175,T,T
371,3,2273,2274,0,0,2311361.29377972,5034093.19541147,T,T
372,3,2227,2228,0,0,2310891.25038661,5034353.85076357,T,T
373,3,2230,2229,0,0,2310893.08104982,5034536.97939529,T,T
374,3,2232,2231,0,0,2310880.26640739,5034592.51988171,T,T
375,3,2190,2191,0,0,2310228.32765868,5034978.93369252,T,T
376,3,2494,2495,0,0,2309765.73061185,5034791.76575269,T,T
377,3,2196,2197,0,0,2310174.60346602,5035322.00492752,T,T
378,3,2193,2194,0,0,2310384.59372944,5035157.18316,T,T
379,3,2202,2203,0,0,2310702.02413196,5035409.89987192,T,T
380,3,2203,2204,0,0,2310780.15716734,5035293.91973826,T,T
381,2,2352,2353,0,0,2310965.42523128,5035412.18947973,T,T
382,3,2386,2387,0,0,2310989.84232023,5035544.65678928,T,T
383,3,2377,2378,0,0,2311112.53798602,5035531.83898485,T,T
384,3,2379,2380,0,0,2311165.33860086,5035516.88154692,T,T
385,3,2411,2364,0,0,2311255.07408276,5035448.13332287,T,T
386,3,2343,2344,0,0,2311289.87317609,5035426.1570872,T,T
387,3,2362,2363,0,0,2311318.56181251,5035407.23032918,T,T
388,3,2339,2340,0,0,2311375.33711051,5035359.00858913,T,T
389,3,2331,2330,0,0,2311466.28478831,5035280.2620777,T,T
390,3,2312,2311,0,0,2311248.97187208,5034942.08000522,T,T
391,3,2313,2314,0,0,2311337.48691184,5034976.87404532,T,T
392,3,2243,2310,0,0,2311247.14120887,5034805.95332249,T,T
393,3,2244,2309,0,0,2311280.71161384,5034817.55133586,T,T
394,3,2239,2238,0,0,2311165.94882192,5034775.42855111,T,T
395,3,2308,2375,0,0,2311402.19508373,5034866.99286697,T,T
396,3,2246,2245,0,0,2311038.37138759,5034506.2246633,T,T
397,3,2248,2249,0,0,2311085.98512334,5034455.55334284,T,T
398,3,2262,2261,0,0,2311206.85012593,5034418.92961615,T,T
399,3,2267,2266,0,0,2311315.51070717,5034406.11181172,T,T
400,3,2267,2269,2268,0,2311347.25044893,5034409.77118491,T,T
401,3,2284,2286,0,0,2311434.54504655,5034406.11181172,T,T
402,3,2285,2290,0,0,2311614.62623142,5034447.61470265,T,T
403,3,2457,2458,0,0,2311604.24422704,5034952.45822753,T,T
404,3,2371,2370,0,0,2311727.5501139,5035131.92748607,T,T
405,3,2463,2464,0,0,2311997.36678067,5034704.62067986,T,T
406,3,2476,2477,0,0,2312721.34460031,5034560.56535523,T,T
407,3,2469,2470,0,0,2312804.35940423,5034887.74931158,T,T
408,3,2470,2471,0,0,2312854.41402426,5035004.95923458,T,T
409,3,2451,2452,0,0,2312097.47602072,5035337.03235346,T,T
410,3,2472,2473,0,0,2313000.91655793,5034708.29005133,T,T
411,3,2473,2474,0,0,2313042.42808301,5034816.94144033,T,T
412,3,2474,2475,0,0,2313096.14402944,5034923.15324721,T,T
413,3,2475,2478,0,0,2313325.66961327,5034862.11370273,T,T
414,3,2482,2483,0,0,2312970.39725831,5034400.62275195,T,T
415,3,2488,2489,0,0,2313746.87058225,5033765.78149451,T,T
416,3,2398,2399,0,0,2311398.83062162,5035527.71969045,T,T
417,3,2402,2403,0,0,2311461.40301977,5035480.48778085,T,T
418,3,2388,2389,0,0,2310875.38463885,5035652.62829473,T,T
419,3,2431,2432,0,0,2310715.44899545,5035839.41629964,T,T
420,3,2445,2435,0,0,2310423.66437024,5035934.64998697,T,T
421,3,2436,2437,0,0,2310521.33272603,5035863.83211743,T,T
422,3,2426,2427,0,0,2310726.43297468,5036070.16677417,T,T
423,3,2416,2417,0,0,2310986.47785813,5036167.83004534,T,T
1137,2,3104,0,0,0,2312668.84909601,5037510.03013861,T,F
1138,2,3106,0,0,0,2312572.40118237,5037066.85605032,T,F
1139,2,3107,3108,0,0,2313030.22366165,5036920.35114529,T,F
1140,2,3109,3110,0,0,2312893.48466507,5036703.02837071,T,F
1141,2,3111,0,0,0,2317658.53605945,5040384.56775634,T,F
1142,2,3115,3116,0,0,2318137.11430128,5040034.17777498,T,F
1143,2,3113,3114,0,0,2318400.82051114,5040196.54996209,T,F
424,2,2437,2438,0,0,2310478.60900504,5035790.05475483,T,T
425,2,2438,2439,0,0,2310476.77009561,5035761.96956556,T,T
426,3,2412,2415,2413,0,2311257.51496703,5035529.01946781,T,T
427,2,2455,2456,0,0,2311732.43188244,5035255.46632498,T,T
428,2,2461,2462,0,0,2311609.12599558,5034717.44848257,T,T
1144,2,3103,3104,0,0,2312547.98409342,5037485.84428143,T,F
1145,2,3105,3106,0,0,2312432.00085937,5036996.27813968,T,F
1146,2,3111,3112,0,0,2317830.67612421,5040419.58175876,T,F
1147,2,3118,3117,0,0,2317304.48414663,5040198.60960929,T,F
429,3,2496,2497,0,0,2310533.87524284,5035382.39458332,T,T
430,3,2493,2494,0,0,2309895.44381993,5034985.88250225,T,T
1148,2,3119,3120,0,0,2311885.40770717,5028056.75939831,T,F
431,1,2504,2149,0,0,2311854.29467894,5034577.00253969,T,T
1149,2,3125,3049,0,0,2318162.78481728,5040208.47791894,T,F
