!!id,!!type,larghezza media (m),zoom,fondo cementificato,ID,ID del rio,ID intersezione Nord,larghezza minima (m),superficie (m2),ID intersezione Sud,Y,X,lunghezza (m),jobs,jobItems
2TOR01,segmenti,5.8 m,50,no,2TOR01,2TOR,II0485,5.4 m,107.022,II0490,5035185.759,2311174.096,18.39,"[00003, 232/1, 00114, 00159, 00517, 00187, II509]","[00003SC0072, 00114SC0002, 00114SC0008, 00114SC0009, 00114SC0011, 00114SC0012, 00187SC0007]"
2TOR02,segmenti,5.9 m,50,no,2TOR02,2TOR,II0490,3.6 m,291.769,II0505,5035167.792,2311141.754,49.32,"[232/1, 00102, 00517, 00187, II509]","[00102SC0001, 00102SC0002, 00102SC0021, 00187SC0007]"
ACCA01,segmenti,5.1 m,50,no,ACCA01,GRAN,II1190,4.9 m,83.5462,II1215,5034399.753,2311012.857,16.6,"[00009, 232/1, 00517]",[00009SC0127]
ACCA02,segmenti,7.2 m,50,no,ACCA02,GRAN,II1220,7.1 m,75.9319,II1260,5034360.78,2311068.626,10.49,"[232/1, 00517]",[]
ACQU01,segmenti,8.2 m,84.72265365,no,ACQU01,ACQU,II0215,6.6 m,537.834,II0270,5035585.81,2311746.4,65.32,"[00232, 00448, 00189]","[00448SC0005, 00189SC0006, 00189SC0007, 00189SC0009, 00189SC0010, 00189SC0015, 00189SC0017]"
ACQU02,segmenti,10.9 m,56.14027596,no,ACQU02,ACQU,II0270,10.6 m,448.021,II0295,5035532.769,2311719.967,41.04,"[00112, 00232, 00448, 00189]","[00112SC0001, 00112SC0012, 00448SC0005, 00189SC0009, 00189SC0017]"
ACQU03,segmenti,11.3 m,74.97091632,no,ACQU03,ACQU,II0295,9.2 m,602.438,II0325,5035488.267,2311700.061,53.45,"[00112, 00232]","[00112SC0001, 00112SC0009, 00112SC0012]"
AGOS01,segmenti,11.7 m,168.6947814,no,AGOS01,AGOS,II0475,6.4 m,1523.22,II0580,5035149.2,2311018.464,130.1,"[232/1, 00102, 00517]","[00102SC0006, 00102SC0007, 00102SC0008, 00102SC0012]"
ALBO01,segmenti,6.4 m,222.8331994,si,ALBO01,ALBO,II1090,4.6 m,1073.33,II1275,5034460.448,2311431.959,168.91,"[00099, 00232]","[00099SC0008, 00099SC0010]"
ALVI01,segmenti,15.2 m,456.7587642,no,ALVI01,ALVI,IE0005,9.4 m,7142.44,II0035,5036166.361,2310984.244,468.72,"[00156, 00320, 00232, 00468, 00179, II519]","[00320SC0022, 00179SC0002, 00179SC0005, 00179SC0007]"
AMAL01,segmenti,5.6 m,50,no,AMAL01,AMAL,II0635,5.2 m,143.189,II0640,5035033.315,2311067.859,25.7,"[232/1, 00102, 00517]","[00102SC0004, 00102SC0005, 00102SC0013, 00102SC0023]"
AMAV01,segmenti,31.3 m,173.1763705,no,AMAV01,AMAV,IE5185,20.5 m,5326.88,,5029193.405,2312295.252,170.36,[],[]
ANA001,segmenti,11.5 m,77.16338825,no,ANA001,ANA,II1175,9.8 m,854.584,II1195,5034434.552,2313333.635,74.33,"[00160, 00232, II497, 00218, 00220]",[]
ANA002,segmenti,8.1 m,102.889097,no,ANA002,ANA,II1195,6 m,824.193,II1200,5034421.705,2313241.038,101.44,"[00160, 00232, II497, 00218, 00220]",[]
ANA003,segmenti,8.7 m,50,no,ANA003,ANA,II1200,8 m,207.095,II1205,5034418.04,2313166.962,23.66,"[00160, 00232, II497, 00218, 00220]",[]
ANDR01,segmenti,7.9 m,70.87112356,no,ANDR01,ANDR,II0225,6.2 m,567.635,II0255,5035583.991,2311654.48,72.11,"[00003, 00112, 00232, 00448]","[00003SC0041, 00112SC0006, 00112SC0011, 00112SC0016, 00112SC0019, 00448SC0001, 00448SC0002, 00448SC0003, 00448SC0004]"
ANDR02,segmenti,8.3 m,50,no,ANDR02,ANDR,II0255,7 m,309.772,II0270,5035562.444,2311709.227,37.32,"[00003, 00112, 00232, 00448, 00189]","[00003SC0042, 00112SC0006, 00112SC0012, 00112SC0016, 00448SC0004, 00448SC0005, 00189SC0010, 00189SC0017]"
ANTO01,segmenti,10.9 m,339.6700352,no,ANTO01,ANTO,II0630,7.6 m,2876.71,II0870,5034906.387,2312412.975,263.23,"[00104, 00232]","[00104SC0007, 00104SC0009]"
ANZO01,segmenti,6.2 m,89.11907932,no,ANZO01,ANZO,II0970,4.6 m,459.733,II1005,5034666.523,2311283.642,74.57,"[00003, 00108, 00232]","[00003SC0066, 00108SC0002, 00108SC0008, 00108SC0010, 00108SC0016]"
ANZO02,segmenti,5.2 m,50,no,ANZO02,ANZO,II1005,3 m,176.823,II1025,5034617.686,2311316.986,34.22,"[00108, 00232]","[00108SC0002, 00108SC0008]"
APON01,segmenti,6.5 m,57.80761557,no,APON01,APON,II0550,4.6 m,389.221,II0590,5035100.773,2311298.956,59.56,"[00003, 232/1, 00159, 00517, 00187, II509]","[00003SC0074, 00003SC0075, 00003SC0112, 00187SC0001, 00187SC0004, 00187SC0010, 00187SC0015]"
APON02,segmenti,5.7 m,50,no,APON02,APON,II0590,4.2 m,198.721,II0600,5035073.168,2311253.713,35.09,"[00003, 232/1, 00159, 00517, 00187, II509]","[00003SC0075, 00187SC0002, 00187SC0008, 00187SC0009, 00187SC0010, 00187SC0015, 00187SC0016]"
APOS01,segmenti,9.1 m,68.77084551,no,APOS01,APOS,II0300,8 m,460.184,II0330,5035481.648,2311893.216,50.57,"[00232, 00189]","[00189SC0001, 00189SC0002, 00189SC0009, 00189SC0018]"
APOS02,segmenti,8.9 m,68.26303124,no,APOS02,APOS,II0330,8 m,448.932,II0365,5035431.827,2311881.721,50.24,"[00232, 00189]","[00189SC0001, 00189SC0002, 00189SC0019]"
APOS03,segmenti,8.3 m,118.1775834,no,APOS03,APOS,II0365,3.2 m,1114.02,II0385,5035360.624,2311826.895,133.63,"[00232, 00189]","[00189SC0003, 00189SC0004, 00189SC0019]"
APOS04,segmenti,7.9 m,155.5623088,no,APOS04,APOS,II0385,4.4 m,1288.7,II0420,5035308.438,2311700.238,162.54,"[00232, 00189]","[00189SC0003, 00189SC0004]"
ARSE01,segmenti,14.9 m,340.4307043,no,ARSE01,ARSE,II0985,11.6 m,3907.16,IE1180,5034560.701,2312706.722,261.94,"[00355, 00232]",[00355SC0001]
ARZE01,segmenti,20.2 m,143.2077668,no,ARZE01,ARZE,II0560,15.4 m,2108.77,II0670,5035053.476,2310006.672,104.21,"[232/1, 00517]",[]
ARZE02,segmenti,15.1 m,83.23336847,no,ARZE02,ARZE,II0670,12.4 m,909.2,II0725,5034964.952,2310033.922,60.06,"[232/1, 00517]",[]
ARZE03,segmenti,39.2 m,87.89646769,no,ARZE03,ARZE,II0725,16.6 m,2180.03,II0765,5034906.587,2310065.884,55.64,"[232/1, 00517]",[]
ARZE04,segmenti,22.1 m,150.3547718,no,ARZE04,ARZE,II0765,16 m,2411.83,II0885,5034826.175,2310080.662,108.89,"[00701, 232/1, 00517]",[00701SC0001]
ASSA01,segmenti,7.5 m,96.2630535,no,ASSA01,ASSA,IE5225,6.9 m,621.569,IE5220,5040119.639,2318002.053,79.64,"[00303, 00211, 00212, 00376, PA490, 00158]","[00303SC0001, 00303SC0002, 00303SC0004]"
ASSA02,segmenti,6.5 m,173.2750167,no,ASSA02,ASSA,IE5230,4.8 m,1365.79,IE5225,5040190.667,2318107.134,215.25,"[00303, IA218, PA490]","[00303SC0001, 00303SC0002, 00303SC0004, 00303SC0005]"
AVOG01,segmenti,8.9 m,162.5459763,no,AVOG01,AVOG,II1080,5.6 m,1646.41,II1185,5034499.606,2310547.072,185.82,"[232/1, 00107, 00517]","[00107SC0002, 00107SC0009]"
BARC01,segmenti,5.9 m,50,si,BARC01,BARC,II0945,5.4 m,158.096,II0960,5034714.04,2311503.186,27.03,"[00099, 00232]","[00099SC0002, 00099SC0014, 00099SC0134]"
BARC02,segmenti,8.4 m,132.8127463,no,BARC02,BARC,II0960,5.4 m,871.08,II1020,5034651.445,2311534.018,103.53,"[00099, 00232]","[00099SC0001, 00099SC0010]"
BARE01,segmenti,7.1 m,110.3923222,no,BARE01,BARE,II0740,3.8 m,683.714,II0815,5034865.874,2311768.158,96.44,[00232],[]
BARE02,segmenti,6.7 m,50,no,BARE02,BARE,II0815,6.3 m,45.6974,II0825,5034826.21,2311729.43,6.88,[00232],[]
BARN01,segmenti,6.9 m,203.1654169,no,BARN01,BARN,II1030,3.8 m,1397.31,II1055,5034584.752,2310825.036,201.13,"[00009, 232/1, 00107, 00517]","[00009SC0105, 00009SC0106, 00107SC0001, 00107SC0002]"
BARN02,segmenti,7.7 m,133.4423227,no,BARN02,BARN,II1055,5.6 m,1014.08,II1080,5034565.955,2310659.378,132.18,"[00009, 232/1, 00107, 00517]","[00009SC0105, 00009SC0106, 00107SC0001, 00107SC0002]"
BASS01,segmenti,17.5 m,300.6801231,no,BASS01,BASS,IE5200,7.9 m,4777.15,II5015,5028070.843,2311673.694,273.58,[],[]
BASS02,segmenti,12.1 m,143.8270424,no,BASS02,BASS,II5015,7.6 m,1606.1,II5020,5027910.35,2311827.493,132.32,[],[]
BATE01,segmenti,9.6 m,395.6520999,no,BATE01,BATE,II0020,5.4 m,4539.65,II0070,5036030.125,2310711.933,472.59,"[00101, 00232]","[00101SC0002, 00101SC0003, 00101SC0005, 00101SC0013, 00101SC0018]"
BATE02,segmenti,18.4 m,70.70223388,no,BATE02,BATE,II0050,15.8 m,830.28,II0070,5035958.346,2310918.45,45.14,"[00101, 00232]","[00101SC0003, 00101SC0005, 00101SC0006, 00101SC0007, 00101SC0017, 00101SC0018]"
BEAT01,segmenti,10.9 m,130.7286788,no,BEAT01,BEAT,II5025,8.2 m,960.841,II5040,5027559.85,2311523.95,88.32,[PA524],[]
BEAT02,segmenti,12 m,423.8181159,no,BEAT02,BEAT,II5040,8.6 m,3913.28,,5027350.401,2311569.949,326.44,[],[]
BECA01,segmenti,4.5 m,241.9658332,no,BECA01,BECA,II0380,2.6 m,1089.27,II0530,5035216.889,2311401.945,241.24,"[00003, 232/1, 00159, 00517, 00187, II509]","[00003SC0073, 00003SC0074, 00187SC0003, 00187SC0004]"
BECA02,segmenti,5.6 m,50,no,BECA02,BECA,II0530,3.6 m,74.3441,II0550,5035123.309,2311321.01,13.22,"[00003, 232/1, 00159, 00517, 00187, II509]","[00003SC0073, 00003SC0074, 00003SC0112, 00187SC0001, 00187SC0003, 00187SC0004]"
BERN01,segmenti,3.8 m,53.79286683,no,BERN01,BERN,II0505,2.4 m,200.714,II0555,5035135.597,2311138.521,52.91,"[232/1, 00102, 00517]","[00102SC0001, 00102SC0002, 00102SC0006, 00102SC0021]"
BIAG01,segmenti,10.3 m,210.2180278,no,BIAG01,BIAG,IE1380,8 m,1697.65,II1415,5033960.354,2310366.797,165.25,"[232/1, 00517]",[]
BIAG02,segmenti,14.3 m,252.098612,no,BIAG02,BIAG,II1415,9 m,2699.43,IE1480,5033784.199,2310283.563,188.07,"[00320, 232/1, 00517]",[00320SC0001]
BOLD01,segmenti,3.2 m,50,no,BOLD01,BOLD,II0390,2.2 m,84.8232,II0415,5035281.812,2311089.077,26.46,"[232/1, 00114, 00430, 00517, 00449]","[00114SC0004, 00114SC0006]"
BOLD02,segmenti,4 m,50,no,BOLD02,BOLD,II0415,3.2 m,152.087,II0440,5035259.536,2311115.754,37.84,"[232/1, 00114, 00517]","[00114SC0001, 00114SC0004, 00114SC0007]"
BOLD03,segmenti,5.6 m,71.59809206,no,BOLD03,BOLD,II0440,4 m,380.203,II0485,5035219.738,2311157.751,67.53,"[00320, 232/1, 00114, 00517, 00187, II509]","[00320SC0010, 00114SC0002, 00114SC0003, 00114SC0007, 00114SC0008, 00114SC0011]"
BOTE01,segmenti,8.3 m,71.85566126,no,BOTE01,BOTE,II0780,5.5 m,502.957,II0835,5034832.699,2310459.098,60.7,"[00003, 232/1, 00462, 00517, II473]","[00003SC0094, II473SC0001, II473SC0010, II473SC0012, II473SC0014]"
BRAZ01,segmenti,8 m,78.65453111,no,BRAZ01,BRAS,II0045,6.6 m,578.459,II0075,5035956.292,2311347.728,72.51,"[00232, 00155, 00179, II519]","[00155SC0006, 00155SC0007, 00155SC0010, 00179SC0003, 00179SC0004, 00179SC0006]"
BRIA01,segmenti,12.7 m,160.3474046,no,BRIA01,BRIA,II0905,9 m,1658.37,II1000,5034701.822,2310423.02,130.33,"[232/1, 00222, 00219, 00462, 00517, II473]","[00219SC0001, 00219SC0002, 00219SC0009, 00219SC0010, 00219SC0012, 00219SC0016, 00219SC0017, II473SC0006, II473SC0007, II473SC0017]"
BUCI01,segmenti,18.8 m,67.72809135,no,BUCI01,BUCI,II0910,18.8 m,1154.26,II0930,5034748.279,2312812.184,0,[00232],[]
BURC01,segmenti,8.2 m,339.6060657,no,BURC01,BURC,II0650,6.6 m,2629.6,II0725,5034979.289,2310215.898,319.46,"[232/1, 00517]",[]
CAFO01,segmenti,11.4 m,66.8453256,no,CAFO01,CAFO,II0800,7.6 m,659.861,II0820,5034832.309,2310673.826,57.71,"[00009, 232/1, 00222, 00517]","[00009SC0125, 00009SC0132, 00009SC0133]"
CAFO02,segmenti,14.7 m,231.4024753,si,CAFO02,CAFO,II0820,9.8 m,3493.03,II0925,5034784.528,2310818.607,237.05,"[00009, 232/1, 00471, 00472, 00517]","[00009SC0126, 00009SC0133]"
CANA01,segmenti,11.4 m,244.8769351,no,CANA01,CANA,IE5140,9.9 m,2825.31,II5005,5032153.798,2313960.45,246.83,"[00371, 00381, PA506]","[00371SC0003, 00371SC0004, 00371SC0005]"
CAND01,segmenti,19.4 m,585.0030095,no,CAND01,CAND,IE5155,9 m,14743.67,II5010,5031443.351,2313783.984,758.55,"[00301, 00369, 00360, 00415, 00422]","[00301SC0001, 00369SC0001, 00360SC0001]"
CANN01,segmenti,23.7 m,209.0690114,no,CANN01,CANN,IE0025,20.4 m,4908.8,II0055,5036045.447,2310387.032,207.38,[00232],[]
CANN02,segmenti,24.8 m,105.6035373,no,CANN02,CANN,II0055,22.2 m,2401.18,II0080,5035942.429,2310509.482,96.77,[00232],[]
CANN03,segmenti,20.3 m,327.8764686,no,CANN03,CANN,II0080,16.2 m,7152.76,II0155,5035825.949,2310707.152,352.46,[00232],[]
CANN04,segmenti,20.7 m,169.5530603,no,CANN04,CANN,II0155,14.8 m,2589.12,II0235,5035672,2310878.834,124.92,[00232],[]
CANO01,segmenti,10 m,372.174501,no,CANO01,CANO,II0795,7.6 m,2814.5,IE1065,5034701.287,2311997.5,281.51,"[00232, II503]",[]
CANT01,segmenti,12.4 m,70.4105279,no,CANT01,CANT,IE5155,10.4 m,859.489,,5031198.547,2313465.9,66.25,[],[]
CARM01,segmenti,12.2 m,115.7789275,no,CARM01,CARM,II1000,11 m,1521.33,II1070,5034601.959,2310400.095,124.53,"[232/1, 00222, 00219, 00517]","[00219SC0003, 00219SC0010, 00219SC0012, 00219SC0015, 00219SC0016]"
CASS01,segmenti,5 m,282.0778993,no,CASS01,CASS,II0355,3.2 m,1264.35,II0500,5035278.433,2311320.138,251.9,"[00320, 232/1, 00159, 00517, 00187, II509]","[00320SC0017, 00320SC0018, 00187SC0005, 00187SC0006]"
CASS02,segmenti,4.9 m,72.15166736,no,CASS02,CASS,II0500,4 m,309.273,II0540,5035151.285,2311227.482,62.59,"[00320, 232/1, 00159, 00517, 00187, II509]","[00320SC0017, 00320SC0018, 00320SC0019, 00320SC0020, 00320SC0029, 00187SC0005, 00187SC0006, 00187SC0007, 00187SC0008, 00187SC0013]"
CATE01,segmenti,8.5 m,51.5605423,no,CATE01,CATE,II0170,7 m,446.926,II0195,5035677.085,2311645.875,52.61,"[00346, 00232, 00189, II502]","[00346SC0006, 00346SC0011, 00189SC0005, 00189SC0020]"
CATE02,segmenti,10.6 m,91.47648941,no,CATE02,CATE,II0195,8.4 m,985.9,II0215,5035642.076,2311714.751,93.34,"[00346, 00232, 00189, II502]","[00346SC0010, 00346SC0011, 00346SC0015, 00189SC0006, 00189SC0010, 00189SC0015, 00189SC0020]"
CATE03,segmenti,10.9 m,147.9756528,no,CATE03,CATE,II0215,8.2 m,1656.85,II0260,5035591.109,2311835.476,151.69,"[00346, 00232, 00189, II502]","[00346SC0008, 00346SC0010, 00189SC0007, 00189SC0008, 00189SC0010, 00189SC0015, 00189SC0016]"
CATM01,segmenti,19.9 m,456.5486584,no,CATM01,CATM,IE5090,15.2 m,7931.76,IE5085,5040157.957,2317248.979,0,[],[]
CAZZ01,segmenti,6.7 m,182.357853,no,CAZZ01,CAZZ,II0745,3 m,1544.12,II0845,5034857.94,2310318.276,229.01,"[00320, 232/1, 00462, 00517, II473]","[00320SC0012, 00320SC0013, 00320SC0014, 00320SC0031, II473SC0002, II473SC0003, II473SC0004, II473SC0008, II473SC0009, II473SC0011, II473SC0015]"
CDIE01,segmenti,12.7 m,74.77900254,no,CDIE01,CDIE,IE5165,10.8 m,937.077,,5030959.548,2313333.948,70.55,[],[]
CDON01,segmenti,25.6 m,304.9817875,no,CDON01,CDON,II2010,17.8 m,6344,II2020,5037107.04,2313364.506,247.94,"[00003, 00230, 00232, 00433]","[00003SC0120, 00003SC0121]"
CDON02,segmenti,20.7 m,441.9476512,no,CDON02,CDON,II2005,14.1 m,8922.13,II2010,5037380.863,2313303.896,430.26,"[00318, 00319, 00003, 00398, 00230, 00232, 00433]","[00318SC0001, 00319SC0001, 00003SC0120, 00003SC0121, 00398SC0001, 00398SC0002]"
CELE01,segmenti,12.5 m,119.7483565,no,CELE01,CELE,IE0520,9.7 m,1508.48,II0610,5035098.709,2312738.112,120.54,"[00004, 00232]",[00004SC0057]
CGRA01,segmenti,83.3 m,329.7079449,no,CGRA01,CGRA,II2020,66.2 m,20070.39,IE5065,5036871.68,2313283.623,240.95,"[00230, 00232, 00433]",[]
CGRA02,segmenti,52 m,262.0618841,no,CGRA02,CGRA,II2030,43.2 m,12915.28,II2020,5037025.174,2313160.397,248.46,"[00230, 00232, 00433]",[]
CGRA03,segmenti,59.6 m,407.5070484,no,CGRA03,CGRA,II2040,32.8 m,25119.98,II2030,5037145.239,2312857.217,421.4,"[00321, 00230, 00232, 00433]",[]
CGRA04,segmenti,134.7 m,334.0702259,no,CGRA04,CGRA,IE5045,108 m,30745.38,II2040,5037289.104,2312542.791,228.35,"[00007, 00230, 00232, 00433]",[]
CHIA01,segmenti,27.4 m,225.0821963,no,CHIA01,CHIA,II0375,18.8 m,5866.43,II0470,5035283.022,2310138.684,214.33,"[232/1, 00370, 00311, 00517]",[]
CHIA02,segmenti,40.7 m,154.8742802,no,CHIA02,CHIA,II0470,34 m,4883.01,II0560,5035168.477,2310019.358,120.13,"[232/1, 00370, 00517]",[]
CIMI01,segmenti,7.3 m,128.6790546,no,CIMI01,CIMI,II5035,4.6 m,699.68,,5027504.1,2311658.648,95.3,[],[]
CINI01,segmenti,40 m,301.4423743,no,CINI01,CINI,II1420,37 m,7845.26,IE1485,5033796.372,2312178.839,196.13,"[232/1, 00517]",[]
CMIS01,segmenti,14.9 m,140.5823192,no,CMIS01,CMIS,IE0100,14.6 m,1600.86,II0130,5035830.633,2311705.029,107.19,[00232],[]
CMIS02,segmenti,23.8 m,118.4344182,no,CMIS02,CMIS,II0130,16.6 m,2235,II0170,5035736.284,2311639.059,94.11,"[00232, 00393]",[]
CMIS03,segmenti,33.9 m,65.36202489,no,CMIS03,CMIS,II0170,1.2 m,1329.34,II0190,5035676.625,2311593,39.22,"[00232, 00393]",[]
COLE01,segmenti,14 m,168.8882536,no,COLE01,COLE,IE5175,12.9 m,2394.67,,5029498.753,2312479.551,170.83,[PA524],[]
CONV01,segmenti,13.1 m,253.8827022,no,CONV01,CONV,II1415,10.6 m,3388.46,II1460,5033828.491,2310458.147,258.9,"[00320, 232/1, 00154, 00517]","[00320SC0001, 00154SC0002, 00154SC0015]"
CORN01,segmenti,4.6 m,179.7561875,no,CORN01,CORN,II0775,3.2 m,766.057,II0970,5034766.101,2311267.137,166.42,"[00108, 00232]","[00108SC0006, 00108SC0008, 00108SC0010, 00108SC0016]"
CREA01,segmenti,5.6 m,313.2903,no,CREA01,CREA,II0080,3.6 m,1496.24,II0185,5035788.906,2310481.908,266.87,"[00346, 00009, 00402, 00232, II498, II504]","[00346SC0016, 00346SC0017, 00009SC0113, 00009SC0114]"
CREA02,segmenti,9.7 m,178.3613463,no,CREA02,CREA,II0140,5.8 m,2031.59,II0185,5035701.525,2310342.173,208.93,"[00009, 00346, 00232, II498, II504]","[00009SC0113, 00009SC0114, 00346SC0016, 00346SC0017, 00346SC0020]"
CREA03,segmenti,11.9 m,110.0811653,no,CREA03,CREA,IE0115,7.6 m,1125.32,II0140,5035805.163,2310230.689,94.36,"[00346, 00009, 00232, 00387, II498, II504]","[00346SC0020, 00009SC0093]"
CROC01,segmenti,9.6 m,335.6899764,no,CROC01,CROC,II1490,5.2 m,2458.29,IE1545,5033562.342,2311398.235,254.98,"[00003, 00334, 232/1, 00517]","[00003SC0122, 00334SC0001]"
CSER01,segmenti,55.7 m,444.7849021,no,CSER01,CSER,II2040,20.5 m,22044.74,IE5075,5037027.299,2312633.128,395.79,"[00230, 00232, 00433, 00444]",[]
CTEO01,segmenti,14.5 m,325.5857233,no,CTEO01,CTEO,IE5060,9.9 m,4720.12,II2010,5037334.601,2313535.66,324.37,"[00346, 00361, 00230, 00232, 00433]","[00346SC0014, 00361SC0001]"
CTIA01,segmenti,14.3 m,687.2242513,no,CTIA01,CTIA,IE5050,10.1 m,10086.97,II2005,5037556.178,2312833.27,703.15,"[00417, 00230, 00232, 00433]",[]
DANI01,segmenti,5.7 m,363.4195288,no,DANI01,DANI,II0955,3.2 m,1691.98,II1195,5034566.32,2313272.059,296.68,"[00160, 00232, II497, 00218, 00220]",[]
DEGO01,segmenti,6.5 m,152.4842978,no,DEGO01,DEGO,II0240,4.4 m,748.506,II0340,5035510.818,2310984.581,115.44,"[232/1, 00113, 00430, 00517, 00450]","[00113SC0002, 00113SC0006]"
DEGO02,segmenti,7.1 m,52.3774431,no,DEGO02,DEGO,II0340,5.4 m,279.815,II0350,5035434.851,2310971.774,39.16,"[232/1, 00113, 00430, 00517, 00450]","[00113SC0002, 00113SC0006]"
DEGO03,segmenti,8.2 m,50,no,DEGO03,DEGO,II0350,7.4 m,61.5121,II0360,5035412.01,2310965.977,7.63,"[232/1, 00113, 00430, 00517, 00450]","[00113SC0002, 00113SC0006]"
DEGO04,segmenti,8.4 m,257.8900067,no,DEGO04,DEGO,II0360,5.2 m,1736.88,II0475,5035311.562,2310964.039,207.21,"[232/1, 00113, 00430, 00517, 00450]","[00113SC0001, 00113SC0002, 00113SC0006]"
DEM101,segmenti,18.9 m,62.99565011,no,DEM101,DEM1,IE5190,17.3 m,740.586,,5028407.45,2311747.699,39.3,[],[]
DEM201,segmenti,22.3 m,142.961226,no,DEM201,DEM2,IE5195,17.1 m,2594.86,,5028302.998,2311726.345,116.31,[],[]
DEMU01,segmenti,11 m,182.1004868,no,DEMU01,DEMU,IE5055,9.9 m,1437.62,II2005,5037610.748,2313198.759,131.12,"[00417, 00230, 00232, 00433]",[]
DGIO01,segmenti,0 m,254.9836136,no,DGIO01,DGIO,,15 m,10911.78,,5034137.698,2312292.406,0,"[232/1, 00517]",[]
DIO001,segmenti,9 m,230.2710298,no,DIO001,DIO,II0975,6 m,1719.14,IE1095,5034610.952,2312596.264,191.33,"[00003, 00115, 00232]","[00003SC0026, 00115SC0002, 00115SC0007]"
DNUO01,segmenti,0 m,654.6678323,no,DNUO01,DNUO,IE0810,22.1 m,97425.56,II0930,5034811.914,2313144.241,0,[00232],[]
DOMI01,segmenti,5.7 m,330.5836872,no,DOMI01,DOMI,II0335,4 m,1606.47,II0485,5035315.157,2311261.074,282.98,"[00003, 232/1, 00114, 00517, 00187, II509]","[00003SC0071, 00114SC0002, 00114SC0003, 00114SC0011]"
DROM01,segmenti,32.4 m,315.453326,no,DROM01,DROM,II5050,10.5 m,12294.81,,5024850.914,2309930.126,378.9,[],[]
DROM02,segmenti,23.4 m,241.4493687,no,DROM02,DROM,IE5235,15.5 m,4181.29,II5050,5025060.523,2309781.566,178.5,[00109],[]
DUCA01,segmenti,4.6 m,210.9461795,no,DUCA01,DUCA,II1135,2.4 m,1561.83,II1210,5034503.026,2311085.096,337.62,"[00003, 00108, 00232]","[00003SC0067, 00108SC0004]"
ELEN01,segmenti,12.5 m,600.9634599,no,ELEN01,ELEN,IE1395,9.4 m,5751.72,IE1530,5033760.623,2313750.998,459.93,"[00003, 00232, 00445]",[00003SC0058]
ERBE01,segmenti,4.4 m,107.8880436,no,ERBE01,ERBE,II0690,3.6 m,402.163,II0760,5034937.386,2311181.575,91.5,"[232/1, 00102, 00517]","[00102SC0003, 00102SC0014]"
EUFE01,segmenti,8.6 m,168.5382343,no,EUFE01,EUFE,IE1405,7.6 m,1113.12,II1460,5033850.582,2310606.606,129.56,"[232/1, 00154, 00517]","[00154SC0002, 00154SC0015]"
EUFE02,segmenti,9 m,291.4977228,no,EUFE02,EUFE,II1460,6.8 m,2055.94,IE1525,5033665.719,2310542.532,228.2,"[232/1, 00154, 00420, 00429, 00517]","[00154SC0002, 00154SC0015, 00429SC0003]"
FALB01,segmenti,26.6 m,384.3562627,no,FALB01,FALB,,6.9 m,9579.69,,5024826.648,2309712.645,360.1,[00109],[]
FAVA01,segmenti,7.1 m,50,no,FAVA01,FAVA,II0565,5.4 m,76.6548,II0585,5035096.674,2311787.648,10.92,"[00103, 00232]",[00103SC0006]
FAVA02,segmenti,8.9 m,235.544988,no,FAVA02,FAVA,II0585,6.4 m,1711.91,II0740,5034995.201,2311777.377,192.52,"[00103, 00232]","[00103SC0006, 00103SC0027, 00103SC0029]"
FELI01,segmenti,8.7 m,114.140457,no,FELI01,FELI,II0190,5.4 m,847.321,II0250,5035618.04,2311560.621,97.7,"[00003, 00112, 00232]","[00003SC0039, 00003SC0047, 00112SC0004, 00112SC0007, 00112SC0015]"
FELI02,segmenti,6 m,190.2443345,no,FELI02,FELI,II0250,4 m,985.174,II0355,5035506.464,2311477.836,163.26,"[00112, 00232]","[00112SC0005, 00112SC0007, 00112SC0015]"
FERA01,segmenti,5.1 m,50,no,FERA01,FERA,II0815,4.2 m,179.74,II0830,5034816.182,2311752.049,35.47,[00232],[]
FERA02,segmenti,4.9 m,141.7949724,no,FERA02,FERA,II0830,2.7 m,668.174,II0950,5034762.791,2311798.166,136.44,[00232],[]
FIS001,segmenti,20 m,220.7244613,no,FIS001,1FIS,II1410,12.6 m,3311.82,IE1475,5033803.291,2309805.513,165.75,"[232/1, 00517]",[]
FIS002,segmenti,11.3 m,142.9047775,no,FIS002,2FIS,II1425,4.4 m,1225.3,IE1465,5033800.756,2309923.097,108.37,"[00346, 232/1, 00517]","[00346SC0002, 00346SC0004, 00346SC0012]"
FORM01,segmenti,6.3 m,143.25463,no,FORM01,FORM,II0680,3.2 m,1042.09,II0755,5034944.9,2312082.396,164.58,"[00103, 00232]","[00103SC0015, 00103SC0019, 00103SC0022, 00103SC0032, 00103SC0112, 00103SC0115, 00103SC0118]"
FORN01,segmenti,4.7 m,136.8199327,no,FORN01,FORN,II1280,3.4 m,489.257,II1320,5034255.763,2311355.117,104.28,"[232/1, 00130, 00517]","[00130SC0001, 00130SC0004]"
FORN02,segmenti,8.7 m,221.9170559,no,FORN02,FORN,II1320,4.4 m,1468.94,IE1390,5034118.762,2311364.377,168.65,"[232/1, 00130, 00517]","[00130SC0001, 00130SC0004]"
FORT01,segmenti,11.3 m,545.6399024,no,FORT01,FORT,II5020,6.5 m,7270.57,II5030,5027700.151,2311870.539,645.8,[],[]
FORT02,segmenti,12.8 m,379.6872061,no,FORT02,FORT,II5020,9.7 m,4565.29,II5030,5027717.853,2311815.447,357.87,[],[]
FOSC01,segmenti,9.5 m,50,no,FOSC01,FOSC,II0160,9.2 m,78.2611,II0165,5035705.61,2311335.103,8.19,"[00119, 00232]","[00119SC0002, 00119SC0004, 00119SC0012, 00119SC0015]"
FOSC02,segmenti,10.6 m,133.3657438,no,FOSC02,FOSC,II0165,7 m,1470.57,II0230,5035647.365,2311400.025,138.68,"[00119, 00232]","[00119SC0004, 00119SC0012]"
FRAR01,segmenti,8.5 m,103.850675,no,FRAR01,FRAR,II0605,5.2 m,746.723,II0685,5035019.517,2310962.93,87.56,"[232/1, 00102, 00517]","[00102SC0012, 00102SC0015, 00102SC0016]"
FRAR02,segmenti,7.3 m,50,no,FRAR02,FRAR,II0685,6.7 m,249.413,II0700,5034971.995,2310998.269,34.27,"[232/1, 00102, 00517]","[00102SC0015, 00102SC0016, 00102SC0017]"
FRES01,segmenti,5.2 m,228.3488616,no,FRES01,FRES,II0720,2.4 m,1379.31,II0875,5034864.824,2310865.77,267.49,"[232/1, 00102, 00472, 00517]","[00102SC0010, 00102SC0011, 00102SC0018, 00102SC0024]"
FUOC01,segmenti,17.1 m,138.2452855,no,FUOC01,FUOC,IE5120,14 m,2464.98,,5033752.289,2315081.959,136.53,[],[]
FUSE01,segmenti,7 m,125.2613452,no,FUSE01,FUSE,II0935,5 m,871.4,II0960,5034721.603,2311575.274,124.75,[00232],[]
GAFF01,segmenti,9.9 m,237.4356108,no,GAFF01,GAFF,II0660,4.6 m,2659.99,II0800,5034927.363,2310565.134,269.03,"[232/1, 00144, 00145, 00517]","[00144SC0001, 00144SC0002, 00145SC0001]"
GALE01,segmenti,55 m,460.220421,no,GALE01,GALE,IE0570,7.6 m,19510.6,II0910,5034930.958,2312819.436,0,[00232],[]
GALE02,segmenti,39.5 m,124.5517633,no,GALE02,GALE,II0910,80 m,3372.77,II0985,5034734.766,2312749.158,0,[00232],[]
GARZ01,segmenti,5.8 m,140.9489537,no,GARZ01,GARZ,II0805,3.8 m,1049.75,II0970,5034752.233,2311207.335,182.07,"[00003, 00108, 00232]","[00003SC0065, 00108SC0006, 00108SC0010, 00108SC0016]"
GERO01,segmenti,10.8 m,361.8629038,no,GERO01,GERO,II0940,7 m,3671.32,II1120,5034624.915,2313208.187,341.17,"[00160, 00232, II495, II497, 00218, 00220]",[]
GESU01,segmenti,18.1 m,171.5414049,no,GESU01,GESU,IE0175,16.2 m,2329.79,II0260,5035630.073,2311935.878,128.39,[00232],[]
GESU02,segmenti,10.4 m,59.91916529,no,GESU02,GESU,II0260,8 m,455.708,II0300,5035535.234,2311907.227,44.03,"[00232, 00189]","[00189SC0007, 00189SC0008, 00189SC0009, 00189SC0016, 00189SC0018]"
GHET01,segmenti,8.6 m,129.7945399,no,GHET01,GHET,II0065,5.2 m,1687.39,II0070,5035899.602,2310965.177,196.29,"[00101, 00232]","[00101SC0002, 00101SC0005, 00101SC0006, 00101SC0007, 00101SC0012, 00101SC0018]"
GIAR01,segmenti,34.4 m,140.0938252,no,GIAR01,GIAR,II1255,15.8 m,3280.69,II1305,5034316.353,2313430.614,95.47,"[00413, 00232, 00169, II496, II497, 00218, 00220]",[]
GIAR02,segmenti,29.4 m,95.27996893,no,GIAR02,GIAR,II1305,24.4 m,2020.06,II1325,5034230.557,2313445.342,68.66,"[00413, 00232, II497, 00218, 00220]",[]
GIAR03,segmenti,17.8 m,469.712691,no,GIAR03,GIAR,II1325,11.8 m,6396.94,IE1430,5034021.358,2313426.708,359.21,"[00003, 00413, 00232, II497, 00218, 00220]","[00003SC0115, 00413SC0006, 00413SC0007, 00413SC0008, 00413SC0009]"
GIOB01,segmenti,6 m,279.2205175,no,GIOB01,GIOB,II0055,3.2 m,1647.87,II0140,5035869.997,2310364.976,274.35,"[00232, II504]",[]
GIOR01,segmenti,60.6 m,333.4052882,no,GIOR01,GIOR,IE1385,42.6 m,12723.48,II1435,5033952.68,2312097.96,210.05,"[232/1, 00517]",[]
GIOR02,segmenti,65.6 m,279.8692695,no,GIOR02,GIOR,II1435,60 m,13146.61,IE1500,5033729.778,2312059.924,200.33,"[232/1, 00517]",[]
GIRO01,segmenti,12.2 m,377.3570065,no,GIRO01,GIRO,II0020,7.6 m,4749.65,II0050,5036060.974,2310743.889,389.16,"[00101, 00232]","[00101SC0001, 00101SC0002, 00101SC0003, 00101SC0004, 00101SC0006, 00101SC0013, 00101SC0017]"
GIUD01,segmenti,8.8 m,344.567029,no,GIUD01,GIUD,IE5225,5.8 m,2806.71,IE5110,5040027.575,2318129.787,317.68,"[00303, 00211, 00376, 00158]","[00303SC0001, 00303SC0002, 00303SC0004, 00211SC0001, 00211SC0002]"
GIUS01,segmenti,15.1 m,299.038408,no,GIUS01,GIUS,IE0430,9.2 m,3395.14,II0630,5035156.679,2312428.684,225.5,"[00104, 00232]","[00104SC0008, 00104SC0010]"
GORN01,segmenti,6.4 m,346.4711497,no,GORN01,GORN,II0705,2.8 m,1973.09,II0965,5034831.66,2312695.407,307.82,"[00115, 00232, 00447]","[00115SC0002, 00115SC0004, 00115SC0008, 00115SC0010, 00115SC0011, 00447SC0003, 00447SC0005, 00447SC0006, 00447SC0007]"
GOZZ01,segmenti,7.2 m,164.7042798,no,GOZZ01,GOZZ,II0270,4.8 m,1170.98,II0300,5035530.945,2311814.959,163.49,"[00003, 00232, 00448, 00189, II502]","[00003SC0043, 00189SC0001, 00189SC0008, 00189SC0009, 00189SC0010, 00189SC0017, 00189SC0018]"
GRAN01,segmenti,77.4 m,419.6235996,no,GRAN01,GRAN,IE0220,44.6 m,28096.82,II0375,5035496.201,2310154.718,362.88,"[232/1, 00232, 00517]",[]
GRAN02,segmenti,79 m,266.9269118,no,GRAN02,GRAN,II0375,41.8 m,15761.78,II0460,5035288.236,2310306.066,199.46,"[232/1, 00311, 00232, 00517]",[]
GRAN03,segmenti,42.6 m,118.0960284,no,GRAN03,GRAN,II0425,36.2 m,3498.94,II0460,5035241.949,2310422.509,82.2,"[232/1, 00232, 00517]",[]
GRAN04,segmenti,48.1 m,335.7433129,no,GRAN04,GRAN,II0315,34 m,14249.51,II0425,5035374.067,2310550.28,296.11,"[00332, 232/1, 00308, 00184, 00232, 00517]",[]
GRAN05,segmenti,43.7 m,120.6659261,no,GRAN05,GRAN,II0285,40.6 m,3983.99,II0315,5035504.709,2310685.753,91.2,"[232/1, 00312, 00232, 00517]",[]
GRAN06,segmenti,49.2 m,217.0043476,no,GRAN06,GRAN,II0235,39.2 m,9526.99,II0285,5035558.08,2310826.808,193.73,"[232/1, 00232, 00517]",[]
GRAN07,segmenti,56.6 m,97.70988494,no,GRAN07,GRAN,II0235,46.6 m,4158.44,II0240,5035591.324,2310945.324,73.44,"[232/1, 00232, 00517]",[]
GRAN08,segmenti,47.8 m,147.1026796,no,GRAN08,GRAN,II0240,30 m,6499.38,II0245,5035586.36,2311055.7,135.91,"[232/1, 00312, 00232, 00430, 00517, 00450]",[]
GRAN09,segmenti,46.6 m,94.22627528,no,GRAN09,GRAN,II0245,40.8 m,2843.98,II0265,5035571.183,2311154.605,60.96,"[232/1, 00312, 00232, 00430, 00517, 00449]",[]
GRAN10,segmenti,57 m,144.7036405,no,GRAN10,GRAN,II0265,45.4 m,6545.75,II0290,5035533.074,2311235.892,114.76,"[232/1, 00232, 00430, 00517, 00449]",[]
GRAN11,segmenti,57.8 m,126.212288,no,GRAN11,GRAN,II0290,51.6 m,3883.8,II0320,5035502.215,2311323.22,67.24,"[232/1, 00232, 00430, 00517]",[]
GRAN12,segmenti,60.2 m,86.55836896,no,GRAN12,GRAN,II0320,53.2 m,1704.9,II0335,5035464.186,2311351.311,28.27,"[232/1, 00232, 00517]",[]
GRAN13,segmenti,69 m,135.0570479,no,GRAN13,GRAN,II0335,56.6 m,4626.45,II0355,5035429.677,2311384.572,66.99,"[232/1, 00232, 00517, 00187, II509]",[00187SC0005]
GRAN14,segmenti,67.8 m,193.1100654,no,GRAN14,GRAN,II0355,45 m,8417.5,II0380,5035369.842,2311459.154,124.14,"[232/1, 00232, 00517, 00187, II509]","[00187SC0003, 00187SC0005]"
GRAN15,segmenti,58.8 m,157.252399,no,GRAN15,GRAN,II0380,47.4 m,6631.25,II0420,5035306.083,2311561.783,112.84,"[232/1, 00331, 00232, 00517]",[00331SC0004]
GRAN16,segmenti,58.7 m,98.2079369,no,GRAN16,GRAN,II0420,47.6 m,2752.71,II0450,5035258.396,2311619.152,46.92,"[232/1, 00232, 00517]",[]
GRAN17,segmenti,45.8 m,148.5471044,no,GRAN17,GRAN,II0450,26.4 m,4723.93,II0525,5035193.952,2311641.124,103.16,"[232/1, 00232, 00517]",[]
GRAN18,segmenti,41.7 m,209.5570541,no,GRAN18,GRAN,II0525,26.4 m,7241.8,II0665,5035065.08,2311615.502,173.57,"[232/1, 00232, 00517, PP523, 00314]",[]
GRAN19,segmenti,53.9 m,113.5939658,no,GRAN19,GRAN,II0665,43.4 m,4106.68,II0695,5034990.417,2311532.798,76.19,"[232/1, 00232, 00517]",[]
GRAN20,segmenti,58.7 m,164.5934567,no,GRAN20,GRAN,II0695,47.4 m,8182.63,II0735,5034942.59,2311431.059,139.32,"[232/1, 00232, 00517, 00187, II509]",[00187SC0010]
GRAN21,segmenti,65 m,138.4998488,no,GRAN21,GRAN,II0735,59.8 m,7308.08,II0770,5034894.774,2311323.129,112.38,"[232/1, 00232, 00517, 00187, II509]","[00187SC0009, 00187SC0010]"
GRAN22,segmenti,68.1 m,111.4174144,no,GRAN22,GRAN,II0770,66.8 m,2957.4,II0775,5034873.697,2311237.694,43.36,"[232/1, 00232, 00517, 00187, II509]",[00187SC0009]
GRAN23,segmenti,71.2 m,114.4220097,no,GRAN23,GRAN,II0775,65.2 m,3552.61,II0785,5034856.335,2311198.257,49.86,"[232/1, 00232, 00517]",[]
GRAN24,segmenti,72.1 m,113.8335523,no,GRAN24,GRAN,II0785,68.7 m,3085.64,II0805,5034843.497,2311152.622,42.78,"[232/1, 00232, 00517]",[]
GRAN25,segmenti,62 m,133.3258095,no,GRAN25,GRAN,II0805,54.2 m,5761.43,II0855,5034813.862,2311099.025,92.95,"[232/1, 00232, 00517]",[]
GRAN26,segmenti,60.6 m,112.7097886,no,GRAN26,GRAN,II0855,53.8 m,4025.3,II0875,5034785.552,2311015.38,66.36,"[232/1, 00232, 00517]",[]
GRAN27,segmenti,52 m,90.80279857,no,GRAN27,GRAN,II0875,47.4 m,2503.87,II0925,5034756.732,2310966.777,48.2,"[232/1, 00232, 00472, 00517]",[]
GRAN28,segmenti,55.4 m,198.5664817,no,GRAN28,GRAN,II0925,34 m,7828.27,II1030,5034670.462,2310949.925,141.27,"[232/1, 00232, 00517]",[]
GRAN29,segmenti,63.7 m,80.47702106,no,GRAN29,GRAN,II1030,52.8 m,3088.72,II1085,5034572.609,2310958.671,48.55,"[232/1, 00232, 00517]",[]
GRAN30,segmenti,56.4 m,110.7192042,no,GRAN30,GRAN,II1085,40.4 m,4039.28,II1135,5034516.953,2310970.929,71.56,"[232/1, 00232, 00517]",[]
GRAN31,segmenti,47.9 m,113.0856549,no,GRAN31,GRAN,II1135,39.2 m,3432.77,II1190,5034446.665,2311000.264,71.65,"[232/1, 00232, 00517]",[]
GRAN32,segmenti,49.5 m,82.41580795,no,GRAN32,GRAN,II1190,46 m,1501.08,II1210,5034418.37,2311043.78,30.33,"[232/1, 00232, 00517]",[]
GRAN33,segmenti,51.8 m,87.5532277,no,GRAN33,GRAN,II1210,45 m,1627.02,II1220,5034397.534,2311065.884,31.37,"[00302, 232/1, 00313, 00232, 00517]","[00313SC0001, 00313SC0002, 00313SC0003, 00313SC0004, 00313SC0005]"
GRAN34,segmenti,50.2 m,94.92490305,no,GRAN34,GRAN,II1220,44.8 m,2298.86,II1235,5034381.686,2311101.92,45.79,"[232/1, 00232, 00517]",[]
GRAN35,segmenti,55.3 m,98.00434892,no,GRAN35,GRAN,II1235,47.4 m,3391.23,II1265,5034359.81,2311153.941,61.3,"[232/1, 00120, 00232, 00517]",[00120SC0001]
GRAN36,segmenti,63.3 m,157.0217431,no,GRAN36,GRAN,II1265,48.8 m,8489.97,II1285,5034342.403,2311242.217,134.21,"[232/1, 00120, 00232, 00517]","[00120SC0001, 00120SC0002]"
GRAN37,segmenti,68.6 m,96.00158085,no,GRAN37,GRAN,II1280,65.8 m,2334.09,II1285,5034341.388,2311332.303,34,"[232/1, 00232, 00517]",[]
GRAN38,segmenti,67.3 m,103.3984246,no,GRAN38,GRAN,II1275,58.4 m,5971.95,II1280,5034344.008,2311392.69,88.71,"[232/1, 00232, 00517]",[]
GRAN39,segmenti,66.3 m,97.63034772,no,GRAN39,GRAN,II1270,61.2 m,2446.69,II1275,5034349.742,2311457.411,36.9,"[232/1, 00232, 00517]",[]
GRAN40,segmenti,88 m,177.224552,no,GRAN40,GRAN,II1245,68.4 m,13822.16,II1270,5034364.774,2311555.387,157.06,"[232/1, 00232, 00517]",[]
GRAN41,segmenti,120.7 m,183.7177701,no,GRAN41,GRAN,II1245,108 m,7108.97,IE1250,5034364.474,2311665.401,58.94,"[232/1, 00232, 00517]",[]
GREC01,segmenti,13 m,271.0222771,no,GREC01,GREC,II0840,9.8 m,2687.64,IE1035,5034697.482,2312292.498,207.11,"[00136, 00232]","[00136SC0005, 00136SC0008, 00136SC0010, 00136SC0016]"
GRIM01,segmenti,4.9 m,50,no,GRIM01,GRIM,II0125,4 m,183.626,II0145,5035768.439,2311371.931,37.56,"[00119, 00232]","[00119SC0002, 00119SC0011]"
GRIM02,segmenti,6.6 m,52.85832637,no,GRIM02,GRIM,II0145,5 m,276.603,II0160,5035730.61,2311348.334,42.18,"[00119, 00232]","[00119SC0002, 00119SC0011, 00119SC0012, 00119SC0015]"
GRIS01,segmenti,4.6 m,135.3612566,no,GRIS01,GRIS,II0450,2.4 m,644.731,II0455,5035238.405,2311723.5,141.26,"[00103, 00232]","[00103SC0002, 00103SC0026]"
GRIS02,segmenti,5.7 m,70.62348908,no,GRIS02,GRIS,II0455,3.2 m,441.995,II0495,5035198.512,2311820.402,77.95,"[00103, 00232]","[00103SC0001, 00103SC0002, 00103SC0003, 00103SC0026, 00103SC0109]"
GUER01,segmenti,3.8 m,95.96284816,no,GUER01,GUER,II0255,2.6 m,313.34,II0310,5035529.115,2311665.575,81.64,"[00112, 00232, 00448]","[00112SC0006, 00112SC0008, 00112SC0009, 00112SC0016, 00112SC0018, 00448SC0003, 00448SC0004, 00448SC0005]"
ISEP01,segmenti,8.1 m,283.6908829,no,ISEP01,ISEP,II1305,6.2 m,2309.23,II1330,5034223.334,2313301.765,283.41,"[00160, 00232, II497, 00218, 00220]",[]
ISEP02,segmenti,9.7 m,103.2691788,no,ISEP02,ISEP,II1330,6.6 m,996.199,IE1340,5034166.313,2313113.213,103.06,"[00160, 00232, 00386, II497, 00218, 00220]",[]
LATE01,segmenti,7 m,175.584385,no,LATE01,LATE,II0575,5.2 m,1221.16,II0615,5035080.487,2312221.086,174.51,"[00103, 00399, 00232]","[00103SC0021, 00103SC0104]"
LATE02,segmenti,11 m,90.21096304,no,LATE02,LATE,II0615,9 m,909.077,II0630,5035043.413,2312357.66,82.69,"[00136, 00232]","[00136SC0006, 00136SC0007, 00136SC0012, 00136SC0018]"
LAVR01,segmenti,65.7 m,445.4057428,no,LAVR01,LAVR,IE1355,41.2 m,21310.63,IE1450,5033935.243,2310182.304,324.48,"[232/1, 00357, 00517]",[]
LEPA01,segmenti,9.4 m,416.0351639,no,LEPA01,LEPA,IE5135,6.5 m,4269.68,II5000,5032418.718,2314120.291,452.15,"[00371, 00379, 00486, PA485, PA488]","[00371SC0001, 00371SC0002, 00371SC0003, 00371SC0008, 00379SC0002]"
LEPA02,segmenti,8.4 m,217.9558235,no,LEPA02,LEPA,II5000,7.6 m,1743.29,II5005,5032186.668,2314146.617,208.62,"[00371, 00379, 00381, PA506]","[00371SC0001, 00371SC0002, 00371SC0003, 00371SC0004, 00371SC0005, 00379SC0002]"
LEPA03,segmenti,10.3 m,602.8189832,no,LEPA03,LEPA,II5005,7.1 m,5281.18,II5010,5031880.7,2314055.442,513.33,"[00371, 00381, PA506]","[00371SC0003, 00371SC0004, 00371SC0005, 00371SC0006, 00371SC0009]"
LIO001,segmenti,7.6 m,88.97706327,no,LIO001,LIO,II0495,4.2 m,675.966,II0565,5035142.176,2311825.547,89.31,"[00103, 00232]","[00103SC0003, 00103SC0009, 00103SC0026, 00103SC0031, 00103SC0109]"
LORE01,segmenti,9.8 m,68.94872371,no,LORE01,LORE,II0615,8.6 m,450.401,II0675,5035025.876,2312304.184,45.78,"[00136, 00232]","[00136SC0007, 00136SC0012, 00136SC0015, 00136SC0018]"
LORE02,segmenti,13.2 m,241.8438782,no,LORE02,LORE,II0675,8.8 m,2430.36,II0840,5034899.178,2312297.026,184.36,"[00136, 00232]","[00136SC0004, 00136SC0008, 00136SC0011, 00136SC0015, 00136SC0016]"
LUCA01,segmenti,8.2 m,170.7212347,si,LUCA01,LUCA,II0735,5.6 m,1259.44,II0880,5034826.51,2311428.812,152.92,"[00099, 00232]","[00099SC0012, 00099SC0013]"
LUCA02,segmenti,8.2 m,50,si,LUCA02,LUCA,II0880,7.4 m,146.514,II0915,5034757.392,2311474.522,17.91,"[00099, 00232]","[00099SC0003, 00099SC0012, 00099SC0013]"
LUCA03,segmenti,8.3 m,50,si,LUCA03,LUCA,II0915,6.8 m,214.486,II0945,5034737.626,2311484.83,25.8,"[00099, 00232]","[00099SC0002, 00099SC0003, 00099SC0012, 00099SC0134]"
LUNA01,segmenti,7.6 m,92.49803451,no,LUNA01,LUNA,II1100,5.6 m,511.942,IE1165,5034494.157,2311742.821,67,"[00006, 00232]","[00006SC0063, 00006SC0110]"
LUST01,segmenti,5.7 m,97.61646257,no,LUST01,LUST,II0060,4.4 m,435.68,II0095,5035920.353,2311219.182,76.29,"[00232, 00155]","[00155SC0001, 00155SC0005, 00155SC0006]"
MADA01,segmenti,10.2 m,50,no,MADA01,MADA,II0165,5.8 m,252.988,II0180,5035688.343,2311328.803,24.72,"[00003, 00119, 00232]","[00003SC0040, 00003SC0095, 00119SC0004, 00119SC0012]"
MADA02,segmenti,6 m,182.1747995,no,MADA02,MADA,II0180,4 m,1231.21,II0290,5035612.711,2311325.112,203.6,"[00003, 00119, 00232]","[00003SC0040, 00003SC0095, 00119SC0004]"
MADO01,segmenti,4.2 m,70.17197834,no,MADO01,MADO,II0490,3.6 m,259.373,II0540,5035151.97,2311185.574,61.35,"[00320, 232/1, 00159, 00517, 00187, II509]","[00320SC0018, 00320SC0019, 00320SC0029, 00187SC0006, 00187SC0007, 00187SC0013]"
MADO02,segmenti,7 m,78.69975598,no,MADO02,MADO,II0540,5.2 m,435.975,II0600,5035095.959,2311223.54,62.59,"[00320, 232/1, 00159, 00517, 00187, II509]","[00320SC0018, 00320SC0020, 00320SC0028, 00320SC0029, 00187SC0002, 00187SC0006, 00187SC0008, 00187SC0013, 00187SC0016]"
MADO03,segmenti,4.7 m,195.1755173,no,MADO03,MADO,II0600,2 m,719.114,II0770,5034988.313,2311245.743,151.51,"[00320, 232/1, 00159, 00517, 00187, II509]","[00320SC0021, 00320SC0028, 00187SC0002, 00187SC0009, 00187SC0016]"
MAGA01,segmenti,7.9 m,65.61178012,no,MAGA01,MAGA,II0650,6.2 m,504.431,II0660,5035019.002,2310440.115,63.91,"[232/1, 00517]",[]
MAGG01,segmenti,8.5 m,170.4562915,no,MAGG01,MAGG,II0790,8 m,1438.73,II0845,5034823.711,2310332.538,169.58,"[00320, 232/1, 00462, 00517, II473]","[00320SC0013, 00320SC0014, 00320SC0031, II473SC0002, II473SC0003, II473SC0009, II473SC0010, II473SC0013, II473SC0015]"
MAGG02,segmenti,11.8 m,77.92379647,no,MAGG02,MAGG,II0845,10.8 m,880.481,II0865,5034792.541,2310205.72,74.61,"[00320, 232/1, 00462, 00517, II473]","[00320SC0012, 00320SC0014, 00320SC0030, 00320SC0031, II473SC0002, II473SC0004, II473SC0007, II473SC0015, II473SC0016]"
MAGG03,segmenti,12.6 m,59.77935649,no,MAGG03,MAGG,II0865,11.4 m,723.481,II0885,5034773.129,2310130.061,57.35,"[00320, 232/1, 00462, 00517, II473]","[00320SC0011, 00320SC0030, II473SC0005, II473SC0007, II473SC0016]"
MALA01,segmenti,15.3 m,389.1039522,no,MALA01,MALA,IE5200,11.6 m,11194.06,II5025,5027745.699,2311626.192,729.63,[],[]
MALA02,segmenti,16.4 m,62.38669511,no,MALA02,MALA,IE5200,13.4 m,931.846,II5025,5027621.249,2311483.783,56.79,[],[]
MALP01,segmenti,6.7 m,153.8554892,no,MALP01,MALP,II1085,5 m,1025.71,II1115,5034525.462,2310858.392,153.45,"[232/1, 00106, 00517]","[00106SC0001, 00106SC0002]"
MALP02,segmenti,8.3 m,52.58873499,no,MALP02,MALP,II1115,6.4 m,415.706,II1125,5034493.592,2310754.775,50.43,"[232/1, 00106, 00517]","[00106SC0001, 00106SC0002, 00106SC0003]"
MALP03,segmenti,6.5 m,56.36115004,no,MALP03,MALP,II1125,4.8 m,338.72,II1140,5034477.705,2310699.212,52.53,"[232/1, 00106, 00517]",[00106SC0001]
MALP04,segmenti,7.7 m,148.4718881,no,MALP04,MALP,II1140,5.8 m,1148.48,II1185,5034453.374,2310601.159,150.01,"[232/1, 00106, 00517]",[00106SC0001]
MARC01,segmenti,5.1 m,51.59507935,no,MARC01,MARC,II0135,4 m,200.208,II0150,5035753.656,2311191.907,39.51,"[00119, 00232]","[00119SC0006, 00119SC0015]"
MARC02,segmenti,6.4 m,116.9823201,no,MARC02,MARC,II0150,4.4 m,627.667,II0200,5035692.372,2311162.089,97.81,"[00119, 00232]",[00119SC0006]
MARC03,segmenti,6.9 m,61.8690892,no,MARC03,MARC,II0200,6.4 m,319.03,II0245,5035627.328,2311133.437,46.36,"[00119, 00232]",[00119SC0006]
MARG01,segmenti,11.2 m,266.5507807,no,MARG01,MARG,II0800,6.6 m,3117.38,II1000,5034732.627,2310558.821,279.08,"[00003, 232/1, 00222, 00219, 00517]","[00003SC0076, 00219SC0006, 00219SC0009, 00219SC0011, 00219SC0012, 00219SC0016, 00219SC0018]"
MARI01,segmenti,8.9 m,88.47844065,no,MARI01,MARI,II0495,6.4 m,769.749,II0510,5035163.947,2311904.922,86.47,"[00103, 00232]","[00103SC0001, 00103SC0003, 00103SC0009, 00103SC0101, 00103SC0109]"
MARI02,segmenti,11.3 m,50,no,MARI02,MARI,II0510,9 m,180.108,II0515,5035145.206,2311957.174,16.03,"[00103, 00232]","[00103SC0007, 00103SC0008, 00103SC0101, 00103SC0108]"
MARI03,segmenti,11.2 m,50,no,MARI03,MARI,II0515,9.2 m,450.478,II0535,5035135.437,2311990.118,40.11,"[00103, 00232]","[00103SC0007, 00103SC0010, 00103SC0102, 00103SC0108]"
MARI04,segmenti,18.9 m,50,no,MARI04,MARI,II0535,16.8 m,405.743,II0545,5035123.699,2312027.053,21.52,"[00103, 00232]","[00103SC0011, 00103SC0012, 00103SC0102, 00103SC0103]"
MARN01,segmenti,8.1 m,363.6468748,no,MARN01,MARN,II0315,5.2 m,2684.89,II0480,5035335.388,2310771.366,331.65,"[232/1, 00102, 00184, 00517]","[00102SC0009, 00102SC0019, 00102SC0022]"
MAUR01,segmenti,4.3 m,292.3798886,no,MAUR01,MAUR,II1025,1.2 m,1092.91,II1285,5034483.054,2311331.058,256.32,"[00099, 00232]","[00099SC0004, 00099SC0011]"
MAVA01,segmenti,9.9 m,207.8590399,no,MAVA01,MAVA,,3.8 m,2146.1,IE5095,5040400.746,2317759.353,0,[],[]
MEGI01,segmenti,6 m,224.9939825,no,MEGI01,MEGI,II0245,2.8 m,1115.26,II0370,5035469.45,2311092.461,187.24,"[232/1, 00113, 00430, 00517, 00449, 00450]","[00113SC0004, 00113SC0005]"
MEGI02,segmenti,7.5 m,117.5002273,no,MEGI02,MEGI,II0370,4.4 m,782.551,II0390,5035344.087,2311086.961,104.88,"[232/1, 00113, 00430, 00517, 00449, 00450]","[00113SC0001, 00113SC0004, 00113SC0005]"
MEGI03,segmenti,13.3 m,50,no,MEGI03,MEGI,II0390,7.8 m,406.05,II0405,5035290.471,2311065.039,30.51,"[232/1, 00113, 00430, 00517, 00450]","[00113SC0001, 00113SC0005]"
MELO01,segmenti,4.3 m,186.6885729,no,MELO01,MELO,II0590,3 m,684.245,II0735,5035012.398,2311313.452,157.63,"[00003, 232/1, 00159, 00517, 00187, II509]","[00003SC0075, 00003SC0112, 00187SC0001, 00187SC0002, 00187SC0010, 00187SC0015]"
MEND01,segmenti,14.2 m,495.5621471,no,MEND01,MEND,IE0305,5.4 m,5719.63,II0535,5035318.716,2312098.27,402.15,"[00157, 00232, 00180]",[00180SC0007]
MICH01,segmenti,4.7 m,119.2973661,no,MICH01,MICH,II0770,2.9 m,484.13,II0890,5034802.549,2311293.987,103.87,[00232],[]
MIRA01,segmenti,5.1 m,140.0550174,no,MIRA01,MIRA,II0410,3 m,608.71,II0495,5035228.301,2311891.459,118.3,"[00103, 00232]","[00103SC0001, 00103SC0009, 00103SC0026, 00103SC0109]"
MISE01,segmenti,19.4 m,95.82414589,no,MISE01,MISE,II0050,17.2 m,1796.96,II0065,5035967.35,2310978.816,92.85,"[00101, 00232]","[00101SC0004, 00101SC0005, 00101SC0006, 00101SC0007, 00101SC0017]"
MISE02,segmenti,14.9 m,107.9036938,no,MISE02,MISE,II0065,11.2 m,1578.05,II0085,5035927.882,2311079.622,105.6,"[00101, 00232]","[00101SC0005, 00101SC0008, 00101SC0012]"
MISE03,segmenti,10.6 m,76.47305252,no,MISE03,MISE,II0085,9 m,784.3,II0095,5035895.552,2311164.014,73.95,"[00101, 00232]","[00101SC0008, 00101SC0012, 00101SC0015]"
MISE04,segmenti,11.1 m,50,no,MISE04,MISE,II0095,10.2 m,254.444,II0110,5035874.131,2311214.362,22.9,"[00101, 00232]","[00101SC0009, 00101SC0015, 00101SC0016]"
MISE05,segmenti,9.2 m,160.4501063,no,MISE05,MISE,II0110,4.6 m,1551.11,II0125,5035831.188,2311309.007,168.63,"[00101, 00232]","[00101SC0010, 00101SC0014, 00101SC0016]"
MISE06,segmenti,8.6 m,203.1144091,no,MISE06,MISE,II0125,6 m,1743.2,II0205,5035719.272,2311460.811,201.79,"[00101, 00232, 00393]","[00101SC0011, 00101SC0014]"
MOCE01,segmenti,4 m,287.5077113,si,MOCE01,MOCE,II0290,2 m,1090.16,II0415,5035378.666,2311191.533,272.43,"[232/1, 00114, 00430, 00517, 00449]","[00114SC0001, 00114SC0004, 00114SC0006]"
MOIS01,segmenti,8.7 m,239.0858858,no,MOIS01,MOIS,II1020,5.2 m,1759.35,II1245,5034509.46,2311587.713,202.29,"[00099, 00232]","[00099SC0009, 00099SC0010]"
MOND01,segmenti,5.7 m,50,no,MOND01,MOND,II0620,4.6 m,193.49,II0655,5035031.825,2311948.26,33.86,"[00103, 00232]","[00103SC0006, 00103SC0007, 00103SC0012, 00103SC0030, 00103SC0107, 00103SC0119]"
MOND02,segmenti,9.1 m,159.2969666,no,MOND02,MOND,II0655,7.4 m,1130.76,II0755,5034956.298,2311987.986,124.91,"[00103, 00232]","[00103SC0012, 00103SC0015, 00103SC0017, 00103SC0032, 00103SC0115, 00103SC0118, 00103SC0119]"
MOND03,segmenti,7.2 m,76.06135611,no,MOND03,MOND,II0755,5.6 m,519.621,II0795,5034869.338,2311982.725,72.4,"[00103, 00232]","[00103SC0016, 00103SC0017, 00103SC0032, 00103SC0115, 00103SC0118]"
MORO01,segmenti,21.4 m,118.7627293,no,MORO01,MORO,IE0010,17.4 m,1731.72,II0020,5036181.723,2310568.764,80.75,"[00327, 00101, 00232]","[00101SC0001, 00101SC0003, 00101SC0013]"
MORT01,segmenti,6.2 m,67.35403682,no,MORT01,MORT,II1510,4.6 m,389.613,II1520,5033595.781,2310741.131,62.61,"[00003, 00346, 232/1, 00154, 00517]","[00003SC0116, 00003SC0117, 00346SC0009, 00154SC0005, 00154SC0016]"
MRTI01,segmenti,5.1 m,50,no,MRTI01,MRTI,II0965,4.2 m,105.177,II0975,5034700.502,2312635.88,20.52,"[00322, 00115, 00232, 00447]","[00322SC0004, 00115SC0002, 00115SC0005, 00115SC0007, 00115SC0010, 00447SC0006]"
MRTI02,segmenti,3.6 m,88.31473839,no,MRTI02,MRTI,II0965,2.6 m,316.652,II0985,5034695.263,2312694.927,87.04,"[00115, 00355, 00232, 00447]","[00115SC0008, 00115SC0010, 00447SC0003, 00447SC0006]"
MUNE01,segmenti,5.9 m,361.0306327,no,MUNE01,MUNE,II0465,3 m,2051.75,II0720,5035079.272,2310687.371,349.59,"[232/1, 00102, 00184, 00517]","[00102SC0011, 00102SC0018, 00102SC0019, 00102SC0024]"
MUTI01,segmenti,8.3 m,81.79657369,no,MUTI01,MUTI,II0090,7.8 m,630.505,II0120,5035859.503,2311492.511,75.91,"[00003, 00232, 00155, 00179, II519]","[00003SC0032, 00003SC0037, 00003SC0038, 00155SC0002, 00155SC0007, 00155SC0008, 00179SC0001, 00179SC0004]"
NICO01,segmenti,8.5 m,158.0652975,no,NICO01,NICO,II1050,6.2 m,1464,II1160,5034527.337,2310062.927,172.67,"[00003, 232/1, 00366, 00222, 00219, 00517]","[00003SC0104, 00003SC0123, 00366SC0001, 00219SC0004, 00219SC0013]"
NICO02,segmenti,12.5 m,88.01427763,no,NICO02,NICO,II1160,11 m,818.481,IE1225,5034419.59,2310029.952,65.36,"[232/1, 00222, 00517]",[]
NOAL01,segmenti,12.6 m,50.16717059,no,NOAL01,NOAL,II0190,10.2 m,499.93,II0205,5035654.748,2311556.749,39.62,"[00232, 00393]",[]
NOAL02,segmenti,15.1 m,50,no,NOAL02,NOAL,II0205,12.2 m,389.447,II0210,5035636.342,2311516.825,25.82,[00232],[]
NOAL03,segmenti,14 m,53.30413617,no,NOAL03,NOAL,II0210,10.4 m,631.141,II0230,5035614.085,2311481.045,45.17,[00232],[]
NOAL04,segmenti,11.3 m,148.2806855,no,NOAL04,NOAL,II0230,8 m,1493.84,II0320,5035546.052,2311411.846,132.34,"[00368, 00232]",[]
NOVO01,segmenti,19.3 m,233.3928839,no,NOVO01,NOVO,II0460,15.4 m,3297.04,II0650,5035116.126,2310394.55,170.77,"[00009, 232/1, 00517]",[00009SC0078]
NOVO02,segmenti,21.8 m,75.72375685,no,NOVO02,NOVO,II0650,18.2 m,1166.43,II0710,5034986.558,2310402.962,53.47,"[00009, 232/1, 00517]","[00009SC0079, 00009SC0107]"
NOVO03,segmenti,28.8 m,55.38601184,no,NOVO03,NOVO,II0710,16 m,971.659,II0730,5034941.181,2310413.574,33.74,"[00009, 232/1, 00462, 00517, II473]","[00009SC0077, 00009SC0079, 00009SC0107, II473SC0008]"
NOVO04,segmenti,14.9 m,229.5096166,no,NOVO04,NOVO,II0730,11.4 m,3522.17,II0800,5034883.036,2310523.61,236.28,"[00009, 232/1, 00222, 00462, 00517, II473]","[00009SC0077, 00009SC0107, 00009SC0132, II473SC0008]"
OGNI01,segmenti,8.4 m,149.7610063,no,OGNI01,OGNI,II1185,5.4 m,1636.05,II1290,5034379.457,2310585.532,193.84,"[232/1, 00107, 00517]","[00107SC0003, 00107SC0004]"
OGNI02,segmenti,12.2 m,50,no,OGNI02,OGNI,II1290,7.2 m,596.191,II1300,5034317.617,2310676.328,49.02,"[232/1, 00107, 00517]",[00107SC0004]
OGNI03,segmenti,13.8 m,131.6447312,no,OGNI03,OGNI,II1300,8.4 m,1925.79,II1310,5034267.591,2310763.008,139.52,"[232/1, 00107, 00517]","[00107SC0005, 00107SC0010]"
ONGA01,segmenti,18.2 m,291.2906679,no,ONGA01,ONGA,IE5170,9.6 m,6004.48,,5030365.5,2313091.146,329.02,[PA524],[]
ORIO01,segmenti,7.7 m,58.03238819,no,ORIO01,ORIO,II0405,4.4 m,395.008,II0445,5035261.421,2311049.536,51.61,"[232/1, 00113, 00430, 00517, 00450]",[00113SC0001]
ORIO02,segmenti,5.4 m,50.25061797,no,ORIO02,ORIO,II0445,4 m,276.549,II0475,5035228.341,2311012.828,51.32,"[232/1, 00113, 00430, 00517, 00450]","[00113SC0001, 00113SC0006]"
ORIO03,segmenti,8.8 m,111.1479239,no,ORIO03,ORIO,II0475,6.8 m,910.587,II0480,5035205.225,2310933.549,103.93,"[232/1, 00102, 00517]","[00102SC0007, 00102SC0008, 00102SC0019, 00102SC0022]"
ORSE01,segmenti,9.5 m,128.0196656,si,ORSE01,ORSE,II0935,4 m,1140.17,II0995,5034692.963,2311680.851,120.11,[00232],[]
ORSO01,segmenti,4.5 m,117.3610078,no,ORSO01,ORSO,II1130,3.7 m,413.839,II1235,5034438.212,2311148.111,92.13,"[00320, 00108, 00232]","[00320SC0009, 00108SC0001]"
ORTO01,segmenti,10.2 m,175.2459749,no,ORTO01,ORTO,II0035,8 m,1800.91,II0045,5036026.8,2311288.812,177.12,"[00156, 00320, 00232, 00179, II519]","[00320SC0023, 00320SC0027, 00179SC0003, 00179SC0005, 00179SC0006, 00179SC0007]"
ORTO02,segmenti,12.8 m,156.0712809,no,ORTO02,ORTO,II0045,9.2 m,2185.9,II0090,5035940.525,2311450.178,171.13,"[00156, 00320, 00232, 00179, II519]","[00320SC0002, 00320SC0026, 00320SC0027, 00179SC0004, 00179SC0006]"
ORTO03,segmenti,11.4 m,50,no,ORTO03,ORTO,II0090,10.6 m,223.044,II0105,5035882.339,2311533.697,19.58,"[00320, 00232, 00179, II519]","[00320SC0015, 00320SC0026, 00179SC0001]"
PALA01,segmenti,16 m,163.5718935,no,PALA01,PALA,II1495,10.6 m,2540.53,II1505,5033645.353,2310919.686,158.62,"[232/1, 00154, 00517]","[00154SC0005, 00154SC0012]"
PANA01,segmenti,11.7 m,145.2893329,no,PANA01,PANA,IE0275,8.6 m,1400.42,II0345,5035500.62,2312083.271,119.72,"[00157, 00232, 00180]","[00180SC0001, 00180SC0002]"
PANA02,segmenti,5.1 m,267.1400855,no,PANA02,PANA,II0345,3.8 m,1142.44,II0435,5035348.346,2312008.6,222.49,"[00157, 00232, 00180]","[00180SC0001, 00180SC0002, 00180SC0006]"
PANA03,segmenti,6.6 m,113.8444432,no,PANA03,PANA,II0435,4 m,565.208,II0510,5035196.737,2311952.16,84.99,"[00157, 00232, 00180]","[00180SC0003, 00180SC0006]"
PANT01,segmenti,10.8 m,145.4155752,no,PANT01,PANT,II0720,6.8 m,1216.21,II0820,5034889.24,2310731.825,112.08,"[00328, 232/1, 00102, 00133, 00517]","[00102SC0010, 00102SC0011, 00102SC0024]"
PARM01,segmenti,6.9 m,165.5438014,no,PARM01,PARM,IE5215,6.1 m,1417.38,,5037461.049,2312591.687,204.36,"[00230, 00232, 00433]",[]
PERG01,segmenti,4.5 m,291.6656869,no,PERG01,PERG,II0320,2.8 m,1248.32,II0440,5035351.536,2311224.633,279.39,"[00320, 232/1, 00114, 00517]","[00320SC0010, 00114SC0001, 00114SC0002, 00114SC0005, 00114SC0007]"
PEST01,segmenti,9.6 m,83.3344383,no,PEST01,PEST,II0545,7 m,763.072,II0575,5035111.781,2312090.454,79.73,"[00103, 00232]","[00103SC0012, 00103SC0023, 00103SC0024, 00103SC0103, 00103SC0104]"
PEST02,segmenti,7.5 m,135.3635252,no,PEST02,PEST,II0545,5.6 m,900.773,II0655,5035065.024,2312005.884,120.64,"[00103, 00232]","[00103SC0011, 00103SC0012, 00103SC0023, 00103SC0030, 00103SC0032, 00103SC0103, 00103SC0119]"
PIER01,segmenti,46.6 m,176.0738821,no,PIER01,PIER,IE0895,27.4 m,6619.19,II0990,5034706.666,2313428.284,141.92,"[00413, 00232, II497, 00220]","[00413SC0004, 00413SC0005]"
PIER02,segmenti,45.7 m,294.2305317,no,PIER02,PIER,II0990,32.4 m,9544.91,II1175,5034554.232,2313376.361,208.62,"[00385, 00400, 00411, 00413, 00232, II497, 00218, 00220]","[00413SC0004, 00413SC0005]"
PIER03,segmenti,49.7 m,160.8626909,no,PIER03,PIER,II1175,36.4 m,5169.23,II1255,5034404.613,2313410.151,104.13,"[00384, 00413, 00410, 00232, II497, 00218, 00220]",[00413SC0005]
PIET01,segmenti,9.8 m,261.9686299,no,PIET01,PIET,II0870,5.8 m,2000.5,IE1040,5034680.985,2312393.823,204.71,"[00104, 00232]","[00104SC0007, 00104SC0009]"
PIOM01,segmenti,3.9 m,122.3389117,no,PIOM01,PIOM,II0515,2.8 m,377.98,II0620,5035092.275,2311950.511,97.17,"[00103, 00232]","[00103SC0007, 00103SC0008, 00103SC0010, 00103SC0030, 00103SC0107, 00103SC0108]"
PIOM02,segmenti,4.5 m,149.0152843,no,PIOM02,PIOM,II0585,1.8 m,798.343,II0620,5035058.901,2311862.21,175.52,"[00103, 00232]","[00103SC0006, 00103SC0029, 00103SC0030, 00103SC0107]"
PLON01,segmenti,29.4 m,183.0285736,no,PLON01,PLON,IE1470,17.8 m,3812.67,II1505,5033689,2311036.276,129.78,"[00333, 232/1, 00397, 00395, 00517]","[00333SC0001, 00333SC0003]"
PLON02,segmenti,39.1 m,190.1975418,no,PLON02,PLON,II1505,27.4 m,5494.52,IE1540,5033553.003,2310975.08,140.69,"[00333, 232/1, 00517]","[00333SC0002, 00333SC0003]"
POLO01,segmenti,5.9 m,86.64482891,no,POLO01,POLO,II0505,4.4 m,505.713,II0580,5035124.969,2311082.789,86.09,"[232/1, 00102, 00517]","[00102SC0002, 00102SC0004, 00102SC0006, 00102SC0007, 00102SC0021]"
POLO02,segmenti,11.8 m,71.58727465,no,POLO02,POLO,II0580,9.2 m,631.905,II0635,5035067.639,2311070.622,53.67,"[232/1, 00102, 00517]","[00102SC0004, 00102SC0005, 00102SC0006, 00102SC0012, 00102SC0023]"
POLO03,segmenti,10.9 m,122.809221,no,POLO03,POLO,II0635,6 m,989.687,II0715,5034992.337,2311094.581,90.55,"[232/1, 00102, 00394, 00517]","[00102SC0005, 00102SC0013, 00102SC0014, 00102SC0023]"
POLO04,segmenti,11.6 m,88.24759101,no,POLO04,POLO,II0715,8.6 m,882.161,II0760,5034918.2,2311126.898,76.03,"[232/1, 00102, 00517]","[00102SC0003, 00102SC0013, 00102SC0014]"
POLO05,segmenti,19.9 m,50,no,POLO05,POLO,II0760,17.4 m,169.658,II0785,5034890.109,2311160.745,9.86,"[232/1, 00102, 00517]","[00102SC0003, 00102SC0014]"
PONT01,segmenti,8.3 m,224.6377952,no,PONT01,PONT,IE5100,4.8 m,1505.86,IE5230,5040269.963,2318210.562,181.68,"[00303, 00367, 00158]","[00303SC0004, 00303SC0005, 00367SC0001, 00367SC0002, 00367SC0003, 00367SC0004]"
PPIC01,segmenti,9.5 m,187.8915263,no,PPIC01,PPIC,IE1440,6.4 m,1387.86,II1495,5033737.792,2310861.971,146.63,"[00003, 232/1, 00154, 00517]","[00003SC0118, 00154SC0005, 00154SC0012]"
PPIC02,segmenti,14.6 m,104.4158375,no,PPIC02,PPIC,II1495,10.4 m,1281.02,II1520,5033622.512,2310806.767,87.53,"[00003, 232/1, 00154, 00517]","[00003SC0117, 00154SC0005, 00154SC0012, 00154SC0016]"
PPIC03,segmenti,16.4 m,104.2344695,no,PPIC03,PPIC,II1520,9.4 m,1375.69,IE1535,5033548.719,2310736.303,83.88,"[00003, 232/1, 00154, 00517]","[00003SC0116, 00154SC0005, 00154SC0016]"
PRIU01,segmenti,7.7 m,50,no,PRIU01,PRIU,II0250,6 m,379.068,II0280,5035558.825,2311547.84,49.22,"[00003, 00112, 00232]","[00003SC0039, 00003SC0047, 00112SC0004, 00112SC0005, 00112SC0007, 00112SC0011, 00112SC0015, 00112SC0017]"
PRIU02,segmenti,8.9 m,79.04258929,no,PRIU02,PRIU,II0280,5.8 m,745.486,II0310,5035515.657,2311606.099,83.69,"[00003, 00112, 00232]","[00003SC0046, 00112SC0006, 00112SC0008, 00112SC0017, 00112SC0018]"
PRIU03,segmenti,11.4 m,50.60367139,no,PRIU03,PRIU,II0310,9.8 m,547.309,II0325,5035475.854,2311665.105,47.83,"[00003, 00112, 00232]","[00003SC0044, 00112SC0001, 00112SC0006, 00112SC0009, 00112SC0018]"
PROC01,segmenti,5.5 m,96.90750587,no,PROC01,PROC,II0950,4 m,578.383,II0995,5034684.425,2311768.15,105.21,[00232],[]
PROV01,segmenti,5.2 m,72.28581894,no,PROV01,PROV,II0840,4 m,374.989,II0850,5034802.604,2312250.901,72.14,"[00136, 00232]","[00136SC0004, 00136SC0005, 00136SC0008, 00136SC0010, 00136SC0011, 00136SC0016, 00136SC0017]"
PROV02,segmenti,4.1 m,50,no,PROV02,PROV,II0850,2 m,144.248,II0860,5034791.136,2312190.625,35.4,"[00136, 00232, 00425, 00431]","[00136SC0009, 00136SC0017, 00431SC0003, 00431SC0004]"
QUIN01,segmenti,34.6 m,192.2273538,no,QUIN01,QUIN,IE1150,12.8 m,6781.81,II1255,5034430.188,2313541.821,195.88,"[00412, 00232]",[00412SC0001]
RACH01,segmenti,4.2 m,76.80567508,no,RACH01,RACH,II0195,3.2 m,291.213,II0225,5035632.812,2311646.353,69.55,"[00320, 00112, 00232, 00448, 00189]","[00320SC0006, 00320SC0032, 00112SC0019, 00448SC0001, 00448SC0002, 00448SC0003, 00189SC0005, 00189SC0006, 00189SC0020]"
RACH02,segmenti,4.9 m,79.69575786,no,RACH02,RACH,II0225,3.8 m,352.15,II0280,5035572.737,2311595.272,72.31,"[00320, 00112, 00232, 00448]","[00320SC0007, 00320SC0032, 00112SC0007, 00112SC0011, 00112SC0017, 00112SC0019, 00448SC0002, 00448SC0003]"
RAFF01,segmenti,8.7 m,209.6955749,no,RAFF01,RAFF,II1070,6 m,1852.13,II1105,5034536.84,2310238.716,211.89,"[00003, 232/1, 00222, 00219, 00517]","[00003SC0081, 00003SC0104, 00219SC0003, 00219SC0004, 00219SC0005, 00219SC0015]"
RAFF02,segmenti,11.6 m,107.6972704,no,RAFF02,RAFF,II1105,8 m,1319.66,II1160,5034487.013,2310087.337,113.37,"[00003, 232/1, 00222, 00219, 00517]","[00003SC0081, 00003SC0104, 00003SC0123, 00219SC0004, 00219SC0005, 00219SC0007, 00219SC0013]"
REAL01,segmenti,7.1 m,125.5127078,no,REAL01,LUNA,II1060,5 m,870.374,II1100,5034544.414,2311793.779,122.17,"[00006, 00232]","[00006SC0063, 00006SC0110, 00006SC0111]"
ROMI01,segmenti,7.1 m,227.2414063,no,ROMI01,ROMI,II1125,4.8 m,1254.14,II1300,5034395.204,2310721.484,176.92,"[232/1, 00106, 00517]","[00106SC0001, 00106SC0003]"
ROVI01,segmenti,11.4 m,776.7005936,no,ROVI01,ROVI,IE5125,8.4 m,10842.49,IE5125,5032922.833,2314628.326,948.45,"[00371, 00379]","[00371SC0007, 00379SC0001]"
SACB01,segmenti,88.3 m,218.0571929,no,SACB01,SACB,IE1375,75.8 m,11671.61,II1400,5033993.023,2309714.152,132.24,"[232/1, 00517]",[]
SACB02,segmenti,88.9 m,254.6862518,no,SACB02,SACB,II1400,32.4 m,16294.5,IE1455,5033856.991,2309646.446,183.21,"[232/1, 00517]",[]
SACF01,segmenti,17.6 m,64.14780334,no,SACF01,SACF,II1400,11.8 m,860.401,II1410,5033908.528,2309746.215,48.85,"[00346, 232/1, 00517]","[00346SC0005, 00346SC0013]"
SACF02,segmenti,16.1 m,106.5716554,no,SACF02,SACF,II1410,11.6 m,1658.74,II1425,5033872.824,2309847.31,103.04,"[00346, 232/1, 00517]","[00346SC0002, 00346SC0004, 00346SC0012, 00346SC0013]"
SACF03,segmenti,15.4 m,173.7836445,no,SACF03,SACF,II1425,9.4 m,2674.95,IE1445,5033825.207,2309997.671,174.14,"[00346, 232/1, 00517]","[00346SC0003, 00346SC0012]"
SACM01,segmenti,11.3 m,143.8591113,no,SACM01,SACM,II0105,10.4 m,1781.13,II0130,5035830.033,2311607.013,157.77,"[00232, 00179, II519]",[00179SC0001]
SALU01,segmenti,7.2 m,119.0320542,no,SALU01,SALU,II1270,5.8 m,648.87,II1315,5034269.726,2311485.951,89.91,"[232/1, 00130, 00517]","[00130SC0002, 00130SC0003]"
SALU02,segmenti,6.8 m,127.7351373,no,SALU02,SALU,II1315,5 m,648.886,IE1345,5034179.026,2311508.274,95.93,"[232/1, 00130, 00517]","[00130SC0002, 00130SC0003]"
SALV01,segmenti,5 m,226.9788641,no,SALV01,SALV,II0665,2.8 m,1071.78,II0825,5034907.362,2311652.961,216.53,"[00392, 00232]",[]
SANT01,segmenti,5.8 m,337.9896948,no,SANT01,SANT,II1005,3.8 m,1596.39,II1265,5034507.4,2311248.272,275.27,"[00320, 00108, 00232]","[00320SC0008, 00108SC0002, 00108SC0008]"
SCOA01,segmenti,6.3 m,90.5172687,no,SCOA01,SCOA,II0825,4.4 m,630.938,II0900,5034792.526,2311683.754,99.59,[00232],[]
SCOA02,segmenti,8.1 m,50,no,SCOA02,SCOA,II0900,7 m,208.299,II0935,5034750.623,2311645.162,25.61,[00232],[]
SCOM01,segmenti,47.3 m,715.9604073,no,SCOM01,SCOM,II0560,34.8 m,28186.84,II1010,5034872.583,2309805.016,596.05,"[232/1, 00517]",[]
SCOM02,segmenti,52.5 m,243.0884164,no,SCOM02,SCOM,II1010,49 m,9783.69,IE1155,5034540.549,2309600.461,186.42,"[232/1, 00517]",[]
SCUD01,segmenti,6.2 m,292.820656,no,SCUD01,SCUD,II0705,4 m,1842.79,II0920,5034849.142,2312610.174,296.85,"[00003, 00115, 00232, 00447]","[00003SC0021, 00003SC0024, 00003SC0030, 00115SC0004, 00115SC0005, 00115SC0009, 00115SC0011, 00447SC0007]"
SCUD02,segmenti,7.3 m,61.92439398,no,SCUD02,SCUD,II0920,6 m,424.59,II0975,5034724.228,2312600.45,58.45,"[00003, 00115, 00232]","[00003SC0024, 00003SC0030, 00115SC0002, 00115SC0004, 00115SC0005]"
SCUO01,segmenti,10.3 m,317.553279,no,SCUO01,SCUO,IE5140,9.1 m,3249.34,II5000,5032299.098,2314048.899,316.53,"[00371, 00379]","[00371SC0001, 00371SC0002, 00371SC0003, 00379SC0002]"
SEBA01,segmenti,10.8 m,319.8003279,no,SEBA01,SEBA,II1070,8.4 m,2764.92,IE1295,5034440.766,2310382.847,256.99,"[232/1, 00222, 00219, 00517]","[00219SC0003, 00219SC0005, 00219SC0010, 00219SC0015]"
SENS01,segmenti,15.3 m,248.1827869,no,SENS01,SENS,IE0005,9.2 m,4631.48,II0030,5036169.98,2310835.774,301.73,"[00003, 00232, 00155, 00179, II519]","[00003SC0033, 00155SC0003, 00179SC0002]"
SENS02,segmenti,13.1 m,221.4099641,no,SENS02,SENS,II0030,7.2 m,3024.18,II0040,5036037.718,2311060.213,230.62,"[00003, 00232, 00155]","[00003SC0031, 00003SC0034, 00155SC0004, 00155SC0009]"
SENS03,segmenti,11.9 m,70.13091167,no,SENS03,SENS,II0040,9.6 m,803.684,II0060,5035974.694,2311202.776,67.66,"[00003, 00356, 00232, 00155]","[00003SC0031, 00003SC0035, 00155SC0001, 00155SC0005, 00155SC0009]"
SENS04,segmenti,10.2 m,85.21462187,no,SENS04,SENS,II0060,9.2 m,844.342,II0075,5035943.564,2311278.629,82.67,"[00003, 00232, 00155]","[00003SC0036, 00155SC0001, 00155SC0006, 00155SC0010]"
SENS05,segmenti,10.2 m,147.587513,no,SENS05,SENS,II0075,6.4 m,1681.32,II0120,5035877.215,2311392.055,165.56,"[00003, 00232, 00155]","[00003SC0032, 00003SC0037, 00155SC0002, 00155SC0007, 00155SC0010]"
SENS06,segmenti,13.4 m,180.9798392,no,SENS06,SENS,II0120,10.6 m,2364.71,II0170,5035764.965,2311529.672,176.24,"[00003, 00232, 00155, 00393]","[00003SC0032, 00003SC0038, 00155SC0002, 00155SC0008]"
SERV01,segmenti,9.4 m,116.2814651,no,SERV01,SERV,II0110,6.2 m,799.886,II0135,5035820.525,2311216.349,85.34,"[00119, 00232]","[00119SC0009, 00119SC0015]"
SERV02,segmenti,10.8 m,136.3543306,no,SERV02,SERV,II0135,7.6 m,1478.3,II0160,5035743.208,2311267.735,137.23,"[00119, 00232]","[00119SC0002, 00119SC0006, 00119SC0009, 00119SC0015]"
SEVE01,segmenti,6.4 m,98.98896543,no,SEVE01,SEVE,II0595,5.2 m,469.569,II0680,5035031.665,2312159.236,73.84,"[00103, 00232]","[00103SC0015, 00103SC0020, 00103SC0022, 00103SC0024, 00103SC0105, 00103SC0112]"
SEVE02,segmenti,8.4 m,250.3890131,no,SEVE02,SEVE,II0680,4.2 m,1671.28,II0850,5034895.738,2312178.997,198.75,"[00103, 00232]","[00103SC0015, 00103SC0019, 00103SC0112]"
SSER01,segmenti,16.7 m,245.2159694,no,SSER01,SSER,,10.7 m,4377.86,IE5045,5036983.511,2312491.519,261.49,[00232],[]
STIN01,segmenti,8.4 m,118.9668445,no,STIN01,STIN,II0580,8 m,933.149,II0605,5035071.723,2310993.247,111.93,"[232/1, 00102, 00517]","[00102SC0004, 00102SC0007, 00102SC0012, 00102SC0015]"
SVEV01,segmenti,20.2 m,314.1413144,no,SVEV01,SVEV,IE5140,15 m,6161.85,II5010,5031696.951,2313819.294,305.17,"[00371, 00381, PA506]","[00371SC0006, 00371SC0009]"
TANA01,segmenti,10.1 m,74.51894754,no,TANA01,TANA,II1120,8.8 m,564.74,II1200,5034450.985,2313183.187,55.84,"[00326, 00160, 00232, II495, II497, 00218, 00220]","[00326SC0002, 00326SC0003]"
TANA02,segmenti,11 m,422.7516566,no,TANA02,TANA,II1120,5.8 m,4964.82,II1230,5034447.91,2312972.495,453.29,"[00160, 00232, II495, II497, 00218, 00220]",[]
TANA03,segmenti,16.2 m,50,no,TANA03,TANA,II1230,14.6 m,336.494,IE1240,5034376.137,2312765.173,20.71,"[00160, 00232, II495, II497, 00218, 00220]",[]
TASS01,segmenti,12.7 m,232.6412641,no,TASS01,TASS,IE5175,8.6 m,2892.57,,5029879.853,2312740.35,228.08,[],[]
TEDE01,segmenti,7.9 m,113.7592527,no,TEDE01,TEDE,II0525,5.6 m,875.784,II0565,5035123.539,2311733.746,110.39,"[00103, 00232]","[00103SC0003, 00103SC0031]"
TENT01,segmenti,11.1 m,53.74434642,no,TENT01,TENT,II0835,9 m,547.733,II0905,5034779.873,2310407.946,49.3,"[232/1, 00222, 00462, 00517, II473]","[II473SC0006, II473SC0010, II473SC0014, II473SC0017]"
TENT02,segmenti,12.4 m,227.5088085,no,TENT02,TENT,II0865,10.4 m,3108.93,II0905,5034743.29,2310270.534,249.8,"[00003, 232/1, 00222, 00462, 00517, II473]","[00003SC0089, II473SC0004, II473SC0005, II473SC0007, II473SC0016, II473SC0017]"
TEOD01,segmenti,12.4 m,98.40568556,no,TEOD01,TEOD,II5035,7.5 m,1155.52,II5030,5027571.048,2311693.2,92.95,[],[]
TEOD02,segmenti,20.8 m,108.7653611,no,TEOD02,TEOD,II5040,5.9 m,2211.88,II5035,5027527.751,2311593.201,106.28,[],[]
TERE01,segmenti,22.1 m,95.15143865,no,TERE01,TERE,II0885,16.8 m,1428.95,II0980,5034724.123,2310102.968,64.69,"[00005, 232/1, 00325, 00517]",[00325SC0001]
TERE02,segmenti,12.7 m,173.5398798,no,TERE02,TERE,II0980,7.2 m,1941.93,II1050,5034642.672,2310131.487,153.02,"[232/1, 00325, 00366, 00517]","[00325SC0001, 00366SC0001]"
TERR01,segmenti,8.5 m,501.6573012,no,TERR01,TERR,IE5115,6.3 m,3809.04,IE5110,5040138.726,2318381.248,446.35,"[00303, PA490, IA505, 00158]",[00303SC0003]
TETT01,segmenti,6.6 m,50,no,TETT01,TETT,II0575,4.2 m,264.294,II0595,5035083.926,2312146.804,39.95,"[00103, 00232]","[00103SC0022, 00103SC0023, 00103SC0024, 00103SC0104, 00103SC0105]"
TETT02,segmenti,7.7 m,132.7318415,no,TETT02,TETT,II0595,5.2 m,1108.88,II0675,5035032.24,2312231.459,143.71,"[00103, 00232]","[00103SC0020, 00103SC0022, 00103SC0105]"
TOLA01,segmenti,5.5 m,75.1726093,no,TOLA01,TOLA,II1115,3.2 m,370.738,II1170,5034475.575,2310800.046,67.73,"[232/1, 00106, 00517]","[00106SC0001, 00106SC0002]"
TOLA02,segmenti,4.7 m,124.8060517,no,TOLA02,TOLA,II1145,2.4 m,575.29,II1170,5034465.317,2310876.662,123.64,"[232/1, 00106, 00517]",[00106SC0002]
TOLE01,segmenti,8.8 m,321.2490606,no,TOLE01,TOLE,II0425,6 m,2317.09,II0660,5035134.713,2310492.461,262.43,"[00002, 232/1, 00124, 00184, 00517]",[00124SC0001]
TOMA01,segmenti,5.1 m,179.1021998,no,TOMA01,TOMA,II0700,2.6 m,844.485,II0855,5034892.574,2311015.009,165.25,"[232/1, 00102, 00517]","[00102SC0016, 00102SC0017]"
TORE01,segmenti,5.5 m,341.0241401,no,TORE01,TORE,II1285,3.2 m,2121.41,IE1370,5034181.596,2311219.062,382.48,"[00320, 232/1, 00120, 00517]","[00320SC0016, 00120SC0002]"
TPER01,segmenti,13.6 m,374.467399,no,TPER01,TPER,,12.3 m,4704.4,II5015,5028098.948,2311887.192,346.23,[],[]
TRAP01,segmenti,7.3 m,164.9542102,no,TRAP01,TRAP,II0145,4.4 m,1280.78,II0210,5035691.957,2311432.012,175.5,"[00320, 00119, 00232]","[00320SC0003, 00320SC0004, 00320SC0005, 00320SC0033, 00119SC0002, 00119SC0011]"
TRAS01,segmenti,6.5 m,94.74456256,no,TRAS01,TRAS,II0035,5.2 m,483.778,II0040,5036027.92,2311185.652,74.89,"[00003, 00232, 00155, 00179, II519]","[00003SC0031, 00003SC0034, 00003SC0035, 00155SC0004, 00155SC0005, 00155SC0009, 00179SC0002, 00179SC0003, 00179SC0007]"
TREP01,segmenti,10.6 m,50,no,TREP01,TREP,II0730,10 m,137.984,II0745,5034915.695,2310408.672,13.04,"[232/1, 00462, 00517, II473]","[II473SC0002, II473SC0008, II473SC0011]"
TREP02,segmenti,10.5 m,69.80747651,no,TREP02,TREP,II0745,8.2 m,539.745,II0790,5034875.077,2310415.9,51.37,"[232/1, 00462, 00517, II473]","[II473SC0002, II473SC0003, II473SC0009, II473SC0011, II473SC0013]"
TREP03,segmenti,13 m,59.01287599,no,TREP03,TREP,II0790,11.2 m,476.602,II0835,5034821.026,2310425.849,36.7,"[232/1, 00462, 00517, II473]","[II473SC0001, II473SC0003, II473SC0006, II473SC0010, II473SC0013, II473SC0014]"
TRON01,segmenti,3.4 m,203.458381,no,TRON01,TRON,II0265,2.4 m,587.047,II0370,5035462.801,2311133.14,172.43,"[232/1, 00113, 00430, 00517, 00449]","[00113SC0004, 00113SC0005]"
TROV01,segmenti,9.8 m,50,no,TROV01,TROV,II1135,8 m,135.691,II1145,5034472.321,2310950.227,13.94,"[232/1, 00107, 00517]","[00107SC0006, 00107SC0007]"
TROV02,segmenti,9.5 m,324.283332,no,TROV02,TROV,II1145,5.2 m,2493.49,II1310,5034347.103,2310887.351,261.92,"[00009, 232/1, 00107, 00517]","[00009SC0083, 00107SC0005, 00107SC0006, 00107SC0007, 00107SC0010]"
TROV03,segmenti,14.6 m,67.04342956,no,TROV03,TROV,II1310,13 m,708.794,IE1335,5034201.387,2310814.077,48.7,"[00009, 232/1, 00107, 00517]","[00009SC0084, 00107SC0005]"
TRTE01,segmenti,5 m,115.8620851,no,TRTE01,TRTE,II0030,3.8 m,439.883,II0050,5036038.488,2310940.294,87.41,"[00101, 00232]","[00101SC0003, 00101SC0004, 00101SC0007, 00101SC0017]"
VERG01,segmenti,15.5 m,61.93295571,no,VERG01,VERG,II0940,9.6 m,894.084,II0955,5034723.783,2313272.233,57.5,"[00160, 00232, II495, II497, 00218, 00220]",[]
VERG02,segmenti,12.1 m,74.15086199,no,VERG02,VERG,II0955,9.2 m,863.452,II0990,5034685.479,2313332.884,71.2,"[00160, 00232, II495, II497, 00218, 00220]",[]
VERO01,segmenti,5.3 m,167.2072295,si,VERO01,VERO,II0945,3.6 m,872.133,II1015,5034663.953,2311438.898,165.42,"[00099, 00232]","[00099SC0002, 00099SC0003, 00099SC0004, 00099SC0014, 00099SC0130, 00099SC0134]"
VERO02,segmenti,4.3 m,64.48999822,no,VERO02,VERO,II1015,3 m,309.524,II1025,5034594.635,2311355.187,72.85,"[00099, 00232]","[00099SC0002, 00099SC0004, 00099SC0005, 00099SC0011, 00099SC0130]"
VEST01,segmenti,8.3 m,50.19433661,si,VEST01,VEST,II1015,3.2 m,303.405,II1075,5034580.337,2311393.837,36.68,"[00099, 00232]","[00099SC0004, 00099SC0005, 00099SC0006, 00099SC0130, 00099SC0131]"
VEST02,segmenti,10.5 m,50,si,VEST02,VEST,II1075,7.2 m,374.374,II1090,5034557.436,2311417.549,35.52,"[00099, 00232]","[00099SC0006, 00099SC0007, 00099SC0010, 00099SC0131]"
VEST03,segmenti,4.8 m,121.0342657,si,VEST03,VEST,II1020,3.2 m,591.623,II1090,5034573.559,2311489.674,123.29,"[00099, 00232]","[00099SC0001, 00099SC0007, 00099SC0008, 00099SC0009, 00099SC0010]"
VETR01,segmenti,11.2 m,618.481574,no,VETR01,VETR,II2030,7.2 m,6057,IE5075,5036771.053,2312900.937,541.93,"[00009, 00230, 00232, 00433]",[00009SC0119]
VIGN01,segmenti,8.5 m,280.5483431,no,VIGN01,VIGN,II0630,5.8 m,2421.19,II0705,5035001.175,2312551.342,285.98,"[00003, 00115, 00232, 00447]","[00003SC0021, 00003SC0024, 00115SC0004, 00115SC0009, 00447SC0001, 00447SC0007]"
VIN001,segmenti,5.8 m,276.6651617,no,VIN001,VIN,II0860,1.6 m,1351.29,IE1045,5034685.949,2312142.548,232.2,"[00232, 00425, 00431]","[00431SC0001, 00431SC0002, 00431SC0004]"
VIO001,segmenti,8.8 m,325.6878011,no,VIO001,VIO,II1265,5.8 m,2353.67,IE1360,5034205.287,2311107.447,267.64,"[00009, 232/1, PA621, 00120, 00517]","[00009SC0082, 00120SC0001]"
WIDM01,segmenti,6.8 m,144.5102471,no,WIDM01,WIDM,II0365,4.8 m,782.408,II0395,5035352.63,2311907.28,114.93,"[00157, 00232, 00180]","[00180SC0004, 00180SC0005]"
WIDM02,segmenti,7 m,50,no,WIDM02,WIDM,II0395,5.6 m,157.112,II0410,5035291.441,2311932.147,22.26,"[00157, 00232, 00180]","[00180SC0004, 00180SC0005]"
WIDM03,segmenti,7.2 m,50,no,WIDM03,WIDM,II0410,4.8 m,247.324,II0435,5035256.657,2311941.35,34.25,"[00157, 00232, 00180]","[00180SC0002, 00180SC0003, 00180SC0006]"
ZANI01,segmenti,4.4 m,168.4130491,no,ZANI01,ZANI,II0755,3.4 m,892.432,II0860,5034840.413,2312086.923,202.82,"[00103, 00232, 00425, 00431]","[00103SC0016, 00103SC0017, 00103SC0115, 00103SC0118, 00431SC0001, 00431SC0002, 00431SC0004]"
ZECA01,segmenti,8 m,92.29092756,no,ZECA01,LUNA,II1060,5.1 m,557.564,IE1110,5034543.189,2311863.072,69.52,"[00006, 00232]","[00006SC0110, 00006SC0111]"
ZECC01,segmenti,12.4 m,194.875627,no,ZECC01,ZECC,IE0015,11 m,1926.4,II0035,5036141.16,2311246.476,155.14,"[00009, 00156, 00232, 00179, II519]","[00009SC0124, 00179SC0002, 00179SC0003, 00179SC0005, 00179SC0007]"
ZIRA01,segmenti,7 m,66.87967264,no,ZIRA01,ZIRA,II0625,6.2 m,404.316,II0650,5035034.315,2310356.181,57.68,"[232/1, 00517]",[]
ZIRA02,segmenti,8.6 m,65.6337546,no,ZIRA02,ZIRA,II0645,8.1 m,565.458,II0670,5035011.999,2310063.324,65.61,"[00003, 232/1, 00517]",[]
ZOBE01,segmenti,5.2 m,244.6526284,si,ZOBE01,ZOBE,II1075,3.6 m,1040.12,II1280,5034469.147,2311368.648,201.05,"[00099, 00232]","[00099SC0005, 00099SC0006, 00099SC0007, 00099SC0131]"
ZUAN01,segmenti,5.5 m,198.7692979,no,ZUAN01,ZUAN,II0465,3.8 m,1206.27,II0480,5035186.139,2310781.129,218.09,"[232/1, 00102, 00184, 00517]","[00102SC0008, 00102SC0009, 00102SC0018, 00102SC0019, 00102SC0022]"
ZULI01,segmenti,8.6 m,156.7166803,no,ZULI01,ZULI,II0740,4.6 m,1656.5,II0795,5034864.339,2311877.036,193.19,"[00103, 00399, 00232]",[00103SC0028]
