"!!id","!!type","larghezza media (m)","zoom","fondo cementificato","ID","ID del rio","ID intersezione Nord","larghezza minima (m)","superficie (m2)","ID intersezione Sud","Y","X","lunghezza (m)","jobs","jobItems"
"2TOR01","segmenti","5.8 m","50.0000000001031","no","2TOR01","2TOR","II0485","5.4 m","107.022","II0490","5035185.75874173","2311174.09560841","18.39","[00003, 232/1, 00114, 00159, 00517, 00187, II509]","[00003SC0072, 00114SC0002, 00114SC0008, 00114SC0009, 00114SC0011, 00114SC0012, 00187SC0007]"
"2TOR02","segmenti","5.9 m","50.0000000001015","no","2TOR02","2TOR","II0490","3.6 m","291.769","II0505","5035167.79181929","2311141.75389129","49.32","[232/1, 00102, 00517, 00187, II509]","[00102SC0001, 00102SC0002, 00102SC0021, 00187SC0007]"
"ACCA01","segmenti","5.1 m","49.9999999999337","no","ACCA01","GRAN","II1190","4.9 m","83.5462","II1215","5034399.75337679","2311012.85705838","16.6","[00009, 232/1, 00517]","[00009SC0127]"
"ACCA02","segmenti","7.2 m","50.0000000001477","no","ACCA02","GRAN","II1220","7.1 m","75.9319","II1260","5034360.78005255","2311068.62631718","10.49","[232/1, 00517]","[]"
"ACQU01","segmenti","8.2 m","84.7226536522816","no","ACQU01","ACQU","II0215","6.6 m","537.834","II0270","5035585.81022808","2311746.40033398","65.32","[00232, 00448, 00189]","[00448SC0005, 00189SC0006, 00189SC0007, 00189SC0009, 00189SC0010, 00189SC0015, 00189SC0017]"
"ACQU02","segmenti","10.9 m","56.1402759619313","no","ACQU02","ACQU","II0270","10.6 m","448.021","II0295","5035532.76930827","2311719.96712676","41.04","[00112, 00232, 00448, 00189]","[00112SC0001, 00112SC0012, 00448SC0005, 00189SC0009, 00189SC0017]"
"ACQU03","segmenti","11.3 m","74.9709163236564","no","ACQU03","ACQU","II0295","9.2 m","602.438","II0325","5035488.26693419","2311700.06067476","53.45","[00112, 00232]","[00112SC0001, 00112SC0009, 00112SC0012]"
"AGOS01","segmenti","11.7 m","168.694781385549","no","AGOS01","AGOS","II0475","6.4 m","1523.22","II0580","5035149.20004301","2311018.46385662","130.1","[232/1, 00102, 00517]","[00102SC0006, 00102SC0007, 00102SC0008, 00102SC0012]"
"ALBO01","segmenti","6.4 m","222.833199416421","si","ALBO01","ALBO","II1090","4.6 m","1073.33","II1275","5034460.44799417","2311431.95908165","168.91","[00099, 00232]","[00099SC0008, 00099SC0010]"
"ALVI01","segmenti","15.2 m","456.758764209985","no","ALVI01","ALVI","IE0005","9.4 m","7142.44","II0035","5036166.36124933","2310984.24352069","468.72","[00156, 00320, 00232, 00468, 00179, II519]","[00320SC0022, 00179SC0002, 00179SC0005, 00179SC0007]"
"AMAL01","segmenti","5.6 m","49.9999999997122","no","AMAL01","AMAL","II0635","5.2 m","143.189","II0640","5035033.31485389","2311067.85941733","25.7","[232/1, 00102, 00517]","[00102SC0004, 00102SC0005, 00102SC0013, 00102SC0023]"
"AMAV01","segmenti","31.3 m","173.176370481705","no","AMAV01","AMAV","IE5185","20.5 m","5326.88","","5029193.40527069","2312295.25162327","170.36","[]","[]"
"ANA001","segmenti","11.5 m","77.163388249939","no","ANA001","ANA","II1175","9.8 m","854.584","II1195","5034434.55242752","2313333.63483804","74.33","[00160, 00232, II497, 00218, 00220]","[]"
"ANA002","segmenti","8.1 m","102.889096996582","no","ANA002","ANA","II1195","6 m","824.193","II1200","5034421.70462375","2313241.03798334","101.44","[00160, 00232, II497, 00218, 00220]","[]"
"ANA003","segmenti","8.7 m","49.9999999996958","no","ANA003","ANA","II1200","8 m","207.095","II1205","5034418.04024443","2313166.96220097","23.66","[00160, 00232, II497, 00218, 00220]","[]"
"ANDR01","segmenti","7.9 m","70.8711235588768","no","ANDR01","ANDR","II0225","6.2 m","567.635","II0255","5035583.99054324","2311654.47955226","72.11","[00003, 00112, 00232, 00448]","[00003SC0041, 00112SC0006, 00112SC0011, 00112SC0016, 00112SC0019, 00448SC0001, 00448SC0002, 00448SC0003, 00448SC0004]"
"ANDR02","segmenti","8.3 m","49.9999999996861","no","ANDR02","ANDR","II0255","7 m","309.772","II0270","5035562.44421918","2311709.22650849","37.32","[00003, 00112, 00232, 00448, 00189]","[00003SC0042, 00112SC0006, 00112SC0012, 00112SC0016, 00448SC0004, 00448SC0005, 00189SC0010, 00189SC0017]"
"ANTO01","segmenti","10.9 m","339.670035242592","no","ANTO01","ANTO","II0630","7.6 m","2876.71","II0870","5034906.38664173","2312412.97544969","263.23","[00104, 00232]","[00104SC0007, 00104SC0009]"
"ANZO01","segmenti","6.2 m","89.1190793165395","no","ANZO01","ANZO","II0970","4.6 m","459.733","II1005","5034666.52269751","2311283.64241055","74.57","[00003, 00108, 00232]","[00003SC0066, 00108SC0002, 00108SC0008, 00108SC0010, 00108SC0016]"
"ANZO02","segmenti","5.2 m","49.9999999999359","no","ANZO02","ANZO","II1005","3 m","176.823","II1025","5034617.68604705","2311316.98629572","34.22","[00108, 00232]","[00108SC0002, 00108SC0008]"
"APON01","segmenti","6.5 m","57.8076155732197","no","APON01","APON","II0550","4.6 m","389.221","II0590","5035100.77330996","2311298.95573912","59.56","[00003, 232/1, 00159, 00517, 00187, II509]","[00003SC0074, 00003SC0075, 00003SC0112, 00187SC0001, 00187SC0004, 00187SC0010, 00187SC0015]"
"APON02","segmenti","5.7 m","49.9999999998317","no","APON02","APON","II0590","4.2 m","198.721","II0600","5035073.16802742","2311253.71296667","35.09","[00003, 232/1, 00159, 00517, 00187, II509]","[00003SC0075, 00187SC0002, 00187SC0008, 00187SC0009, 00187SC0010, 00187SC0015, 00187SC0016]"
"APOS01","segmenti","9.1 m","68.7708455121459","no","APOS01","APOS","II0300","8 m","460.184","II0330","5035481.64806346","2311893.21633095","50.57","[00232, 00189]","[00189SC0001, 00189SC0002, 00189SC0009, 00189SC0018]"
"APOS02","segmenti","8.9 m","68.2630312376901","no","APOS02","APOS","II0330","8 m","448.932","II0365","5035431.82659871","2311881.72106516","50.24","[00232, 00189]","[00189SC0001, 00189SC0002, 00189SC0019]"
"APOS03","segmenti","8.3 m","118.17758339307","no","APOS03","APOS","II0365","3.2 m","1114.02","II0385","5035360.62383405","2311826.89539125","133.63","[00232, 00189]","[00189SC0003, 00189SC0004, 00189SC0019]"
"APOS04","segmenti","7.9 m","155.562308756617","no","APOS04","APOS","II0385","4.4 m","1288.7","II0420","5035308.4377544","2311700.23770977","162.54","[00232, 00189]","[00189SC0003, 00189SC0004]"
"ARSE01","segmenti","14.9 m","340.430704345626","no","ARSE01","ARSE","II0985","11.6 m","3907.16","IE1180","5034560.70092931","2312706.7215337","261.94","[00355, 00232]","[00355SC0001]"
"ARZE01","segmenti","20.2 m","143.207766821784","no","ARZE01","ARZE","II0560","15.4 m","2108.77","II0670","5035053.47642821","2310006.67214137","104.21","[232/1, 00517]","[]"
"ARZE02","segmenti","15.1 m","83.2333684655994","no","ARZE02","ARZE","II0670","12.4 m","909.2","II0725","5034964.95157355","2310033.92210576","60.06","[232/1, 00517]","[]"
"ARZE03","segmenti","39.2 m","87.896467694849","no","ARZE03","ARZE","II0725","16.6 m","2180.03","II0765","5034906.58657902","2310065.88437231","55.64","[232/1, 00517]","[]"
"ARZE04","segmenti","22.1 m","150.354771835533","no","ARZE04","ARZE","II0765","16 m","2411.83","II0885","5034826.17535894","2310080.66150001","108.89","[00701, 232/1, 00517]","[00701SC0001]"
"ASSA01","segmenti","7.5 m","96.2630535002325","no","ASSA01","ASSA","IE5225","6.9 m","621.569","IE5220","5040119.63863523","2318002.05270996","79.64","[00303, 00211, 00212, 00376, PA490, 00158]","[00303SC0001, 00303SC0002, 00303SC0004]"
"ASSA02","segmenti","6.5 m","173.275016746866","no","ASSA02","ASSA","IE5230","4.8 m","1365.79","IE5225","5040190.66651768","2318107.13365303","215.25","[00303, IA218, PA490]","[00303SC0001, 00303SC0002, 00303SC0004, 00303SC0005]"
"AVOG01","segmenti","8.9 m","162.545976314335","no","AVOG01","AVOG","II1080","5.6 m","1646.41","II1185","5034499.60633125","2310547.07191152","185.82","[232/1, 00107, 00517]","[00107SC0002, 00107SC0009]"
"BARC01","segmenti","5.9 m","49.9999999997403","si","BARC01","BARC","II0945","5.4 m","158.096","II0960","5034714.03954263","2311503.1861867","27.03","[00099, 00232]","[00099SC0002, 00099SC0014, 00099SC0134]"
"BARC02","segmenti","8.4 m","132.812746286652","no","BARC02","BARC","II0960","5.4 m","871.08","II1020","5034651.44528744","2311534.018466","103.53","[00099, 00232]","[00099SC0001, 00099SC0010]"
"BARE01","segmenti","7.1 m","110.392322158459","no","BARE01","BARE","II0740","3.8 m","683.714","II0815","5034865.87356316","2311768.15774846","96.44","[00232]","[]"
"BARE02","segmenti","6.7 m","50.0000000000299","no","BARE02","BARE","II0815","6.3 m","45.6974","II0825","5034826.21032887","2311729.42977432","6.88","[00232]","[]"
"BARN01","segmenti","6.9 m","203.16541687041","no","BARN01","BARN","II1030","3.8 m","1397.31","II1055","5034584.75171916","2310825.03631036","201.13","[00009, 232/1, 00107, 00517]","[00009SC0105, 00009SC0106, 00107SC0001, 00107SC0002]"
"BARN02","segmenti","7.7 m","133.442322686242","no","BARN02","BARN","II1055","5.6 m","1014.08","II1080","5034565.95492737","2310659.37795665","132.18","[00009, 232/1, 00107, 00517]","[00009SC0105, 00009SC0106, 00107SC0001, 00107SC0002]"
"BASS01","segmenti","17.5 m","300.680123057032","no","BASS01","BASS","IE5200","7.9 m","4777.15","II5015","5028070.84268935","2311673.69395736","273.58","[]","[]"
"BASS02","segmenti","12.1 m","143.827042360948","no","BASS02","BASS","II5015","7.6 m","1606.1","II5020","5027910.35000481","2311827.49306238","132.32","[]","[]"
"BATE01","segmenti","9.6 m","395.652099920411","no","BATE01","BATE","II0020","5.4 m","4539.65","II0070","5036030.12451886","2310711.93338868","472.59","[00101, 00232]","[00101SC0002, 00101SC0003, 00101SC0005, 00101SC0013, 00101SC0018]"
"BATE02","segmenti","18.4 m","70.7022338828741","no","BATE02","BATE","II0050","15.8 m","830.28","II0070","5035958.3464157","2310918.44991423","45.14","[00101, 00232]","[00101SC0003, 00101SC0005, 00101SC0006, 00101SC0007, 00101SC0017, 00101SC0018]"
"BEAT01","segmenti","10.9 m","130.728678794018","no","BEAT01","BEAT","II5025","8.2 m","960.841","II5040","5027559.85000314","2311523.9499064","88.32","[PA524]","[]"
"BEAT02","segmenti","12 m","423.818115891519","no","BEAT02","BEAT","II5040","8.6 m","3913.28","","5027350.40099897","2311569.949438","326.44","[]","[]"
"BECA01","segmenti","4.5 m","241.965833157431","no","BECA01","BECA","II0380","2.6 m","1089.27","II0530","5035216.88856244","2311401.94479413","241.24","[00003, 232/1, 00159, 00517, 00187, II509]","[00003SC0073, 00003SC0074, 00187SC0003, 00187SC0004]"
"BECA02","segmenti","5.6 m","49.9999999999473","no","BECA02","BECA","II0530","3.6 m","74.3441","II0550","5035123.30943869","2311321.01045605","13.22","[00003, 232/1, 00159, 00517, 00187, II509]","[00003SC0073, 00003SC0074, 00003SC0112, 00187SC0001, 00187SC0003, 00187SC0004]"
"BERN01","segmenti","3.8 m","53.7928668286926","no","BERN01","BERN","II0505","2.4 m","200.714","II0555","5035135.59734244","2311138.52123464","52.91","[232/1, 00102, 00517]","[00102SC0001, 00102SC0002, 00102SC0006, 00102SC0021]"
"BIAG01","segmenti","10.3 m","210.218027784017","no","BIAG01","BIAG","IE1380","8 m","1697.65","II1415","5033960.35370331","2310366.79686017","165.25","[232/1, 00517]","[]"
"BIAG02","segmenti","14.3 m","252.098612001986","no","BIAG02","BIAG","II1415","9 m","2699.43","IE1480","5033784.19891516","2310283.56292135","188.07","[00320, 232/1, 00517]","[00320SC0001]"
"BOLD01","segmenti","3.2 m","50.0000000002733","no","BOLD01","BOLD","II0390","2.2 m","84.8232","II0415","5035281.8122887","2311089.07696899","26.46","[232/1, 00114, 00430, 00517, 00449]","[00114SC0004, 00114SC0006]"
"BOLD02","segmenti","4 m","49.999999999785","no","BOLD02","BOLD","II0415","3.2 m","152.087","II0440","5035259.53610439","2311115.75352558","37.84","[232/1, 00114, 00517]","[00114SC0001, 00114SC0004, 00114SC0007]"
"BOLD03","segmenti","5.6 m","71.5980920642746","no","BOLD03","BOLD","II0440","4 m","380.203","II0485","5035219.73793541","2311157.75135865","67.53","[00320, 232/1, 00114, 00517, 00187, II509]","[00320SC0010, 00114SC0002, 00114SC0003, 00114SC0007, 00114SC0008, 00114SC0011]"
"BOTE01","segmenti","8.3 m","71.8556612634868","no","BOTE01","BOTE","II0780","5.5 m","502.957","II0835","5034832.69923016","2310459.09772092","60.7","[00003, 232/1, 00462, 00517, II473]","[00003SC0094, II473SC0001, II473SC0010, II473SC0012, II473SC0014]"
"BRAZ01","segmenti","8 m","78.6545311060198","no","BRAZ01","BRAS","II0045","6.6 m","578.459","II0075","5035956.29177334","2311347.7279842","72.51","[00232, 00155, 00179, II519]","[00155SC0006, 00155SC0007, 00155SC0010, 00179SC0003, 00179SC0004, 00179SC0006]"
"BRIA01","segmenti","12.7 m","160.34740459806","no","BRIA01","BRIA","II0905","9 m","1658.37","II1000","5034701.82168582","2310423.01986001","130.33","[232/1, 00222, 00219, 00462, 00517, II473]","[00219SC0001, 00219SC0002, 00219SC0009, 00219SC0010, 00219SC0012, 00219SC0016, 00219SC0017, II473SC0006, II473SC0007, II473SC0017]"
"BUCI01","segmenti","18.8 m","67.7280913518923","no","BUCI01","BUCI","II0910","18.8 m","1154.26","II0930","5034748.2786906","2312812.18441344","0","[00232]","[]"
"BURC01","segmenti","8.2 m","339.606065712229","no","BURC01","BURC","II0650","6.6 m","2629.6","II0725","5034979.28925406","2310215.89784277","319.46","[232/1, 00517]","[]"
"CAFO01","segmenti","11.4 m","66.8453255955849","no","CAFO01","CAFO","II0800","7.6 m","659.861","II0820","5034832.30929062","2310673.82554978","57.71","[00009, 232/1, 00222, 00517]","[00009SC0125, 00009SC0132, 00009SC0133]"
"CAFO02","segmenti","14.7 m","231.402475288615","si","CAFO02","CAFO","II0820","9.8 m","3493.03","II0925","5034784.52758658","2310818.60702252","237.05","[00009, 232/1, 00471, 00472, 00517]","[00009SC0126, 00009SC0133]"
"CANA01","segmenti","11.4 m","244.876935059933","no","CANA01","CANA","IE5140","9.9 m","2825.31","II5005","5032153.79820279","2313960.44982021","246.83","[00371, 00381, PA506]","[00371SC0003, 00371SC0004, 00371SC0005]"
"CAND01","segmenti","19.4 m","585.003009476538","no","CAND01","CAND","IE5155","9 m","14743.67","II5010","5031443.35071507","2313783.98387411","758.55","[00301, 00369, 00360, 00415, 00422]","[00301SC0001, 00369SC0001, 00360SC0001]"
"CANN01","segmenti","23.7 m","209.069011446193","no","CANN01","CANN","IE0025","20.4 m","4908.8","II0055","5036045.44662187","2310387.03197986","207.38","[00232]","[]"
"CANN02","segmenti","24.8 m","105.603537292388","no","CANN02","CANN","II0055","22.2 m","2401.18","II0080","5035942.42916774","2310509.48182503","96.77","[00232]","[]"
"CANN03","segmenti","20.3 m","327.876468550414","no","CANN03","CANN","II0080","16.2 m","7152.76","II0155","5035825.94940909","2310707.15184699","352.46","[00232]","[]"
"CANN04","segmenti","20.7 m","169.553060278905","no","CANN04","CANN","II0155","14.8 m","2589.12","II0235","5035672.00049983","2310878.83444055","124.92","[00232]","[]"
"CANO01","segmenti","10 m","372.174501032021","no","CANO01","CANO","II0795","7.6 m","2814.5","IE1065","5034701.28683808","2311997.50045926","281.51","[00232, II503]","[]"
"CANT01","segmenti","12.4 m","70.4105279033628","no","CANT01","CANT","IE5155","10.4 m","859.489","","5031198.54672823","2313465.90018612","66.25","[]","[]"
"CARM01","segmenti","12.2 m","115.778927466589","no","CARM01","CARM","II1000","11 m","1521.33","II1070","5034601.95878736","2310400.09541821","124.53","[232/1, 00222, 00219, 00517]","[00219SC0003, 00219SC0010, 00219SC0012, 00219SC0015, 00219SC0016]"
"CASS01","segmenti","5 m","282.077899333313","no","CASS01","CASS","II0355","3.2 m","1264.35","II0500","5035278.433029","2311320.13790023","251.9","[00320, 232/1, 00159, 00517, 00187, II509]","[00320SC0017, 00320SC0018, 00187SC0005, 00187SC0006]"
"CASS02","segmenti","4.9 m","72.1516673575416","no","CASS02","CASS","II0500","4 m","309.273","II0540","5035151.2846585","2311227.48152072","62.59","[00320, 232/1, 00159, 00517, 00187, II509]","[00320SC0017, 00320SC0018, 00320SC0019, 00320SC0020, 00320SC0029, 00187SC0005, 00187SC0006, 00187SC0007, 00187SC0008, 00187SC0013]"
"CATE01","segmenti","8.5 m","51.560542303663","no","CATE01","CATE","II0170","7 m","446.926","II0195","5035677.08459076","2311645.87470972","52.61","[00346, 00232, 00189, II502]","[00346SC0006, 00346SC0011, 00189SC0005, 00189SC0020]"
"CATE02","segmenti","10.6 m","91.4764894115064","no","CATE02","CATE","II0195","8.4 m","985.9","II0215","5035642.07560177","2311714.7511296","93.34","[00346, 00232, 00189, II502]","[00346SC0010, 00346SC0011, 00346SC0015, 00189SC0006, 00189SC0010, 00189SC0015, 00189SC0020]"
"CATE03","segmenti","10.9 m","147.975652826131","no","CATE03","CATE","II0215","8.2 m","1656.85","II0260","5035591.10935901","2311835.47552575","151.69","[00346, 00232, 00189, II502]","[00346SC0008, 00346SC0010, 00189SC0007, 00189SC0008, 00189SC0010, 00189SC0015, 00189SC0016]"
"CATM01","segmenti","19.9 m","456.548658387222","no","CATM01","CATM","IE5090","15.2 m","7931.76","IE5085","5040157.95727398","2317248.97870998","0","[]","[]"
"CAZZ01","segmenti","6.7 m","182.357853044559","no","CAZZ01","CAZZ","II0745","3 m","1544.12","II0845","5034857.93998624","2310318.27560845","229.01","[00320, 232/1, 00462, 00517, II473]","[00320SC0012, 00320SC0013, 00320SC0014, 00320SC0031, II473SC0002, II473SC0003, II473SC0004, II473SC0008, II473SC0009, II473SC0011, II473SC0015]"
"CDIE01","segmenti","12.7 m","74.7790025449912","no","CDIE01","CDIE","IE5165","10.8 m","937.077","","5030959.5476689","2313333.94808496","70.55","[]","[]"
"CDON01","segmenti","25.6 m","304.981787520723","no","CDON01","CDON","II2010","17.8 m","6344","II2020","5037107.03981924","2313364.50608539","247.94","[00003, 00230, 00232, 00433]","[00003SC0120, 00003SC0121]"
"CDON02","segmenti","20.7 m","441.947651239669","no","CDON02","CDON","II2005","14.1 m","8922.13","II2010","5037380.8631732","2313303.89630664","430.26","[00318, 00319, 00003, 00398, 00230, 00232, 00433]","[00318SC0001, 00319SC0001, 00003SC0120, 00003SC0121, 00398SC0001, 00398SC0002]"
"CELE01","segmenti","12.5 m","119.748356461016","no","CELE01","CELE","IE0520","9.7 m","1508.48","II0610","5035098.70868178","2312738.11237649","120.54","[00004, 00232]","[00004SC0057]"
"CGRA01","segmenti","83.3 m","329.707944946632","no","CGRA01","CGRA","II2020","66.2 m","20070.39","IE5065","5036871.68010719","2313283.62332012","240.95","[00230, 00232, 00433]","[]"
"CGRA02","segmenti","52 m","262.061884114197","no","CGRA02","CGRA","II2030","43.2 m","12915.28","II2020","5037025.17376134","2313160.39674476","248.46","[00230, 00232, 00433]","[]"
"CGRA03","segmenti","59.6 m","407.507048385529","no","CGRA03","CGRA","II2040","32.8 m","25119.98","II2030","5037145.23862429","2312857.21726731","421.4","[00321, 00230, 00232, 00433]","[]"
"CGRA04","segmenti","134.7 m","334.070225873201","no","CGRA04","CGRA","IE5045","108 m","30745.38","II2040","5037289.10380129","2312542.79134142","228.35","[00007, 00230, 00232, 00433]","[]"
"CHIA01","segmenti","27.4 m","225.082196343221","no","CHIA01","CHIA","II0375","18.8 m","5866.43","II0470","5035283.02223404","2310138.68411596","214.33","[232/1, 00370, 00311, 00517]","[]"
"CHIA02","segmenti","40.7 m","154.874280160908","no","CHIA02","CHIA","II0470","34 m","4883.01","II0560","5035168.47676585","2310019.35841674","120.13","[232/1, 00370, 00517]","[]"
"CIMI01","segmenti","7.3 m","128.679054629529","no","CIMI01","CIMI","II5035","4.6 m","699.68","","5027504.09954882","2311658.64802198","95.3","[]","[]"
"CINI01","segmenti","40 m","301.442374263928","no","CINI01","CINI","II1420","37 m","7845.26","IE1485","5033796.37185161","2312178.83911147","196.13","[232/1, 00517]","[]"
"CMIS01","segmenti","14.9 m","140.582319181031","no","CMIS01","CMIS","IE0100","14.6 m","1600.86","II0130","5035830.63331425","2311705.02863986","107.19","[00232]","[]"
"CMIS02","segmenti","23.8 m","118.434418218663","no","CMIS02","CMIS","II0130","16.6 m","2235","II0170","5035736.28447819","2311639.0587585","94.11","[00232, 00393]","[]"
"CMIS03","segmenti","33.9 m","65.3620248872961","no","CMIS03","CMIS","II0170","1.2 m","1329.34","II0190","5035676.62467478","2311592.99979512","39.22","[00232, 00393]","[]"
"COLE01","segmenti","14 m","168.888253597721","no","COLE01","COLE","IE5175","12.9 m","2394.67","","5029498.75296398","2312479.55081286","170.83","[PA524]","[]"
"CONV01","segmenti","13.1 m","253.882702186941","no","CONV01","CONV","II1415","10.6 m","3388.46","II1460","5033828.49136588","2310458.14748427","258.9","[00320, 232/1, 00154, 00517]","[00320SC0001, 00154SC0002, 00154SC0015]"
"CORN01","segmenti","4.6 m","179.756187480762","no","CORN01","CORN","II0775","3.2 m","766.057","II0970","5034766.10067355","2311267.13704349","166.42","[00108, 00232]","[00108SC0006, 00108SC0008, 00108SC0010, 00108SC0016]"
"CREA01","segmenti","5.6 m","313.290299976749","no","CREA01","CREA","II0080","3.6 m","1496.24","II0185","5035788.90559275","2310481.90847998","266.87","[00346, 00009, 00402, 00232, II498, II504]","[00346SC0016, 00346SC0017, 00009SC0113, 00009SC0114]"
"CREA02","segmenti","9.7 m","178.361346330248","no","CREA02","CREA","II0140","5.8 m","2031.59","II0185","5035701.52549919","2310342.17300309","208.93","[00009, 00346, 00232, II498, II504]","[00009SC0113, 00009SC0114, 00346SC0016, 00346SC0017, 00346SC0020]"
"CREA03","segmenti","11.9 m","110.081165293115","no","CREA03","CREA","IE0115","7.6 m","1125.32","II0140","5035805.16267402","2310230.68922365","94.36","[00346, 00009, 00232, 00387, II498, II504]","[00346SC0020, 00009SC0093]"
"CROC01","segmenti","9.6 m","335.689976389461","no","CROC01","CROC","II1490","5.2 m","2458.29","IE1545","5033562.34189547","2311398.2350429","254.98","[00003, 00334, 232/1, 00517]","[00003SC0122, 00334SC0001]"
"CSER01","segmenti","55.7 m","444.784902119759","no","CSER01","CSER","II2040","20.5 m","22044.74","IE5075","5037027.29866565","2312633.12836322","395.79","[00230, 00232, 00433, 00444]","[]"
"CTEO01","segmenti","14.5 m","325.58572328726","no","CTEO01","CTEO","IE5060","9.9 m","4720.12","II2010","5037334.60091424","2313535.65956864","324.37","[00346, 00361, 00230, 00232, 00433]","[00346SC0014, 00361SC0001]"
"CTIA01","segmenti","14.3 m","687.224251337042","no","CTIA01","CTIA","IE5050","10.1 m","10086.97","II2005","5037556.17801592","2312833.26963695","703.15","[00417, 00230, 00232, 00433]","[]"
"DANI01","segmenti","5.7 m","363.419528755126","no","DANI01","DANI","II0955","3.2 m","1691.98","II1195","5034566.31992642","2313272.05896727","296.68","[00160, 00232, II497, 00218, 00220]","[]"
"DEGO01","segmenti","6.5 m","152.484297847698","no","DEGO01","DEGO","II0240","4.4 m","748.506","II0340","5035510.81807495","2310984.58050312","115.44","[232/1, 00113, 00430, 00517, 00450]","[00113SC0002, 00113SC0006]"
"DEGO02","segmenti","7.1 m","52.3774431031874","no","DEGO02","DEGO","II0340","5.4 m","279.815","II0350","5035434.85107824","2310971.77427727","39.16","[232/1, 00113, 00430, 00517, 00450]","[00113SC0002, 00113SC0006]"
"DEGO03","segmenti","8.2 m","49.9999999999466","no","DEGO03","DEGO","II0350","7.4 m","61.5121","II0360","5035412.0099871","2310965.9772358","7.63","[232/1, 00113, 00430, 00517, 00450]","[00113SC0002, 00113SC0006]"
"DEGO04","segmenti","8.4 m","257.890006726601","no","DEGO04","DEGO","II0360","5.2 m","1736.88","II0475","5035311.56224302","2310964.03850604","207.21","[232/1, 00113, 00430, 00517, 00450]","[00113SC0001, 00113SC0002, 00113SC0006]"
"DEM101","segmenti","18.9 m","62.9956501053208","no","DEM101","DEM1","IE5190","17.3 m","740.586","","5028407.44981058","2311747.6991349","39.3","[]","[]"
"DEM201","segmenti","22.3 m","142.961225994295","no","DEM201","DEM2","IE5195","17.1 m","2594.86","","5028302.99774789","2311726.34479902","116.31","[]","[]"
"DEMU01","segmenti","11 m","182.100486786878","no","DEMU01","DEMU","IE5055","9.9 m","1437.62","II2005","5037610.74839942","2313198.75908022","131.12","[00417, 00230, 00232, 00433]","[]"
"DGIO01","segmenti","0 m","254.983613597496","no","DGIO01","DGIO","","15 m","10911.78","","5034137.69842787","2312292.40564154","0","[232/1, 00517]","[]"
"DIO001","segmenti","9 m","230.271029825077","no","DIO001","DIO","II0975","6 m","1719.14","IE1095","5034610.95226854","2312596.26418453","191.33","[00003, 00115, 00232]","[00003SC0026, 00115SC0002, 00115SC0007]"
"DNUO01","segmenti","0 m","654.667832321157","no","DNUO01","DNUO","IE0810","22.1 m","97425.56","II0930","5034811.91399344","2313144.24122489","0","[00232]","[]"
"DOMI01","segmenti","5.7 m","330.583687201074","no","DOMI01","DOMI","II0335","4 m","1606.47","II0485","5035315.15677289","2311261.0737053","282.98","[00003, 232/1, 00114, 00517, 00187, II509]","[00003SC0071, 00114SC0002, 00114SC0003, 00114SC0011]"
"DROM01","segmenti","32.4 m","315.453325968632","no","DROM01","DROM","II5050","10.5 m","12294.81","","5024850.91431401","2309930.1261871","378.9","[]","[]"
"DROM02","segmenti","23.4 m","241.449368660664","no","DROM02","DROM","IE5235","15.5 m","4181.29","II5050","5025060.52314318","2309781.56618756","178.5","[00109]","[]"
"DUCA01","segmenti","4.6 m","210.946179539566","no","DUCA01","DUCA","II1135","2.4 m","1561.83","II1210","5034503.02580853","2311085.09625195","337.62","[00003, 00108, 00232]","[00003SC0067, 00108SC0004]"
"ELEN01","segmenti","12.5 m","600.963459925389","no","ELEN01","ELEN","IE1395","9.4 m","5751.72","IE1530","5033760.62302317","2313750.99833126","459.93","[00003, 00232, 00445]","[00003SC0058]"
"ERBE01","segmenti","4.4 m","107.88804362953","no","ERBE01","ERBE","II0690","3.6 m","402.163","II0760","5034937.38630565","2311181.57461587","91.5","[232/1, 00102, 00517]","[00102SC0003, 00102SC0014]"
"EUFE01","segmenti","8.6 m","168.538234308085","no","EUFE01","EUFE","IE1405","7.6 m","1113.12","II1460","5033850.58247738","2310606.60595548","129.56","[232/1, 00154, 00517]","[00154SC0002, 00154SC0015]"
"EUFE02","segmenti","9 m","291.497722793747","no","EUFE02","EUFE","II1460","6.8 m","2055.94","IE1525","5033665.71920781","2310542.53166758","228.2","[232/1, 00154, 00420, 00429, 00517]","[00154SC0002, 00154SC0015, 00429SC0003]"
"FALB01","segmenti","26.6 m","384.356262684009","no","FALB01","FALB","","6.9 m","9579.69","","5024826.64838858","2309712.64538534","360.1","[00109]","[]"
"FAVA01","segmenti","7.1 m","50.0000000000062","no","FAVA01","FAVA","II0565","5.4 m","76.6548","II0585","5035096.67400108","2311787.64816347","10.92","[00103, 00232]","[00103SC0006]"
"FAVA02","segmenti","8.9 m","235.544988029983","no","FAVA02","FAVA","II0585","6.4 m","1711.91","II0740","5034995.20142093","2311777.37680895","192.52","[00103, 00232]","[00103SC0006, 00103SC0027, 00103SC0029]"
"FELI01","segmenti","8.7 m","114.140457002931","no","FELI01","FELI","II0190","5.4 m","847.321","II0250","5035618.03972577","2311560.6207135","97.7","[00003, 00112, 00232]","[00003SC0039, 00003SC0047, 00112SC0004, 00112SC0007, 00112SC0015]"
"FELI02","segmenti","6 m","190.244334494531","no","FELI02","FELI","II0250","4 m","985.174","II0355","5035506.46387737","2311477.83616219","163.26","[00112, 00232]","[00112SC0005, 00112SC0007, 00112SC0015]"
"FERA01","segmenti","5.1 m","49.9999999997615","no","FERA01","FERA","II0815","4.2 m","179.74","II0830","5034816.18204662","2311752.04918535","35.47","[00232]","[]"
"FERA02","segmenti","4.9 m","141.794972357832","no","FERA02","FERA","II0830","2.7 m","668.174","II0950","5034762.79122345","2311798.16571971","136.44","[00232]","[]"
"FIS001","segmenti","20 m","220.724461280765","no","FIS001","1FIS","II1410","12.6 m","3311.82","IE1475","5033803.29061317","2309805.51293611","165.75","[232/1, 00517]","[]"
"FIS002","segmenti","11.3 m","142.904777479249","no","FIS002","2FIS","II1425","4.4 m","1225.3","IE1465","5033800.75600869","2309923.09656792","108.37","[00346, 232/1, 00517]","[00346SC0002, 00346SC0004, 00346SC0012]"
"FORM01","segmenti","6.3 m","143.254629990439","no","FORM01","FORM","II0680","3.2 m","1042.09","II0755","5034944.90006979","2312082.39619346","164.58","[00103, 00232]","[00103SC0015, 00103SC0019, 00103SC0022, 00103SC0032, 00103SC0112, 00103SC0115, 00103SC0118]"
"FORN01","segmenti","4.7 m","136.819932678476","no","FORN01","FORN","II1280","3.4 m","489.257","II1320","5034255.76304689","2311355.11674729","104.28","[232/1, 00130, 00517]","[00130SC0001, 00130SC0004]"
"FORN02","segmenti","8.7 m","221.917055920593","no","FORN02","FORN","II1320","4.4 m","1468.94","IE1390","5034118.76152358","2311364.37706995","168.65","[232/1, 00130, 00517]","[00130SC0001, 00130SC0004]"
"FORT01","segmenti","11.3 m","545.639902420084","no","FORT01","FORT","II5020","6.5 m","7270.57","II5030","5027700.15149173","2311870.53885925","645.8","[]","[]"
"FORT02","segmenti","12.8 m","379.687206059686","no","FORT02","FORT","II5020","9.7 m","4565.29","II5030","5027717.85313777","2311815.44681171","357.87","[]","[]"
"FOSC01","segmenti","9.5 m","49.9999999999856","no","FOSC01","FOSC","II0160","9.2 m","78.2611","II0165","5035705.60969633","2311335.10326412","8.19","[00119, 00232]","[00119SC0002, 00119SC0004, 00119SC0012, 00119SC0015]"
"FOSC02","segmenti","10.6 m","133.365743791321","no","FOSC02","FOSC","II0165","7 m","1470.57","II0230","5035647.36473048","2311400.02493907","138.68","[00119, 00232]","[00119SC0004, 00119SC0012]"
"FRAR01","segmenti","8.5 m","103.850674981308","no","FRAR01","FRAR","II0605","5.2 m","746.723","II0685","5035019.51723826","2310962.92991867","87.56","[232/1, 00102, 00517]","[00102SC0012, 00102SC0015, 00102SC0016]"
"FRAR02","segmenti","7.3 m","50.0000000002854","no","FRAR02","FRAR","II0685","6.7 m","249.413","II0700","5034971.99535732","2310998.26947579","34.27","[232/1, 00102, 00517]","[00102SC0015, 00102SC0016, 00102SC0017]"
"FRES01","segmenti","5.2 m","228.348861599844","no","FRES01","FRES","II0720","2.4 m","1379.31","II0875","5034864.82389646","2310865.77032542","267.49","[232/1, 00102, 00472, 00517]","[00102SC0010, 00102SC0011, 00102SC0018, 00102SC0024]"
"FUOC01","segmenti","17.1 m","138.245285491413","no","FUOC01","FUOC","IE5120","14 m","2464.98","","5033752.28934291","2315081.95865105","136.53","[]","[]"
"FUSE01","segmenti","7 m","125.261345203117","no","FUSE01","FUSE","II0935","5 m","871.4","II0960","5034721.60327312","2311575.27433265","124.75","[00232]","[]"
"GAFF01","segmenti","9.9 m","237.435610792068","no","GAFF01","GAFF","II0660","4.6 m","2659.99","II0800","5034927.36315384","2310565.13382185","269.03","[232/1, 00144, 00145, 00517]","[00144SC0001, 00144SC0002, 00145SC0001]"
"GALE01","segmenti","55 m","460.22042098852","no","GALE01","GALE","IE0570","7.6 m","19510.6","II0910","5034930.95770035","2312819.43616664","0","[00232]","[]"
"GALE02","segmenti","39.5 m","124.551763324162","no","GALE02","GALE","II0910","80 m","3372.77","II0985","5034734.76602465","2312749.15815444","0","[00232]","[]"
"GARZ01","segmenti","5.8 m","140.948953723103","no","GARZ01","GARZ","II0805","3.8 m","1049.75","II0970","5034752.23305861","2311207.33525044","182.07","[00003, 00108, 00232]","[00003SC0065, 00108SC0006, 00108SC0010, 00108SC0016]"
"GERO01","segmenti","10.8 m","361.862903810246","no","GERO01","GERO","II0940","7 m","3671.32","II1120","5034624.91492455","2313208.18725396","341.17","[00160, 00232, II495, II497, 00218, 00220]","[]"
"GESU01","segmenti","18.1 m","171.541404914144","no","GESU01","GESU","IE0175","16.2 m","2329.79","II0260","5035630.07267624","2311935.87761127","128.39","[00232]","[]"
"GESU02","segmenti","10.4 m","59.9191652930818","no","GESU02","GESU","II0260","8 m","455.708","II0300","5035535.23388533","2311907.22666959","44.03","[00232, 00189]","[00189SC0007, 00189SC0008, 00189SC0009, 00189SC0016, 00189SC0018]"
"GHET01","segmenti","8.6 m","129.794539854978","no","GHET01","GHET","II0065","5.2 m","1687.39","II0070","5035899.60151959","2310965.17653843","196.29","[00101, 00232]","[00101SC0002, 00101SC0005, 00101SC0006, 00101SC0007, 00101SC0012, 00101SC0018]"
"GIAR01","segmenti","34.4 m","140.093825248632","no","GIAR01","GIAR","II1255","15.8 m","3280.69","II1305","5034316.35269488","2313430.61428707","95.47","[00413, 00232, 00169, II496, II497, 00218, 00220]","[]"
"GIAR02","segmenti","29.4 m","95.2799689306464","no","GIAR02","GIAR","II1305","24.4 m","2020.06","II1325","5034230.55737111","2313445.34237375","68.66","[00413, 00232, II497, 00218, 00220]","[]"
"GIAR03","segmenti","17.8 m","469.712691007568","no","GIAR03","GIAR","II1325","11.8 m","6396.94","IE1430","5034021.35833172","2313426.70774103","359.21","[00003, 00413, 00232, II497, 00218, 00220]","[00003SC0115, 00413SC0006, 00413SC0007, 00413SC0008, 00413SC0009]"
"GIOB01","segmenti","6 m","279.220517479031","no","GIOB01","GIOB","II0055","3.2 m","1647.87","II0140","5035869.99674485","2310364.97632123","274.35","[00232, II504]","[]"
"GIOR01","segmenti","60.6 m","333.405288216695","no","GIOR01","GIOR","IE1385","42.6 m","12723.48","II1435","5033952.680068","2312097.96019455","210.05","[232/1, 00517]","[]"
"GIOR02","segmenti","65.6 m","279.869269516862","no","GIOR02","GIOR","II1435","60 m","13146.61","IE1500","5033729.77827838","2312059.92405689","200.33","[232/1, 00517]","[]"
"GIRO01","segmenti","12.2 m","377.357006456936","no","GIRO01","GIRO","II0020","7.6 m","4749.65","II0050","5036060.97411903","2310743.88934151","389.16","[00101, 00232]","[00101SC0001, 00101SC0002, 00101SC0003, 00101SC0004, 00101SC0006, 00101SC0013, 00101SC0017]"
"GIUD01","segmenti","8.8 m","344.567029043414","no","GIUD01","GIUD","IE5225","5.8 m","2806.71","IE5110","5040027.57464663","2318129.78698203","317.68","[00303, 00211, 00376, 00158]","[00303SC0001, 00303SC0002, 00303SC0004, 00211SC0001, 00211SC0002]"
"GIUS01","segmenti","15.1 m","299.038407977209","no","GIUS01","GIUS","IE0430","9.2 m","3395.14","II0630","5035156.67878504","2312428.68431622","225.5","[00104, 00232]","[00104SC0008, 00104SC0010]"
"GORN01","segmenti","6.4 m","346.471149683336","no","GORN01","GORN","II0705","2.8 m","1973.09","II0965","5034831.65953834","2312695.40736819","307.82","[00115, 00232, 00447]","[00115SC0002, 00115SC0004, 00115SC0008, 00115SC0010, 00115SC0011, 00447SC0003, 00447SC0005, 00447SC0006, 00447SC0007]"
"GOZZ01","segmenti","7.2 m","164.70427975072","no","GOZZ01","GOZZ","II0270","4.8 m","1170.98","II0300","5035530.9446539","2311814.95907385","163.49","[00003, 00232, 00448, 00189, II502]","[00003SC0043, 00189SC0001, 00189SC0008, 00189SC0009, 00189SC0010, 00189SC0017, 00189SC0018]"
"GRAN01","segmenti","77.4 m","419.623599567514","no","GRAN01","GRAN","IE0220","44.6 m","28096.82","II0375","5035496.20103924","2310154.71799109","362.88","[232/1, 00232, 00517]","[]"
"GRAN02","segmenti","79 m","266.926911830384","no","GRAN02","GRAN","II0375","41.8 m","15761.78","II0460","5035288.23635186","2310306.06590904","199.46","[232/1, 00311, 00232, 00517]","[]"
"GRAN03","segmenti","42.6 m","118.096028381894","no","GRAN03","GRAN","II0425","36.2 m","3498.94","II0460","5035241.94915701","2310422.50876675","82.2","[232/1, 00232, 00517]","[]"
"GRAN04","segmenti","48.1 m","335.743312895363","no","GRAN04","GRAN","II0315","34 m","14249.51","II0425","5035374.066795","2310550.27989197","296.11","[00332, 232/1, 00308, 00184, 00232, 00517]","[]"
"GRAN05","segmenti","43.7 m","120.665926075437","no","GRAN05","GRAN","II0285","40.6 m","3983.99","II0315","5035504.70915363","2310685.75312141","91.2","[232/1, 00312, 00232, 00517]","[]"
"GRAN06","segmenti","49.2 m","217.004347591549","no","GRAN06","GRAN","II0235","39.2 m","9526.99","II0285","5035558.08009073","2310826.80779757","193.73","[232/1, 00232, 00517]","[]"
"GRAN07","segmenti","56.6 m","97.7098849421722","no","GRAN07","GRAN","II0235","46.6 m","4158.44","II0240","5035591.32430247","2310945.32408066","73.44","[232/1, 00232, 00517]","[]"
"GRAN08","segmenti","47.8 m","147.102679620598","no","GRAN08","GRAN","II0240","30 m","6499.38","II0245","5035586.36017105","2311055.69959928","135.91","[232/1, 00312, 00232, 00430, 00517, 00450]","[]"
"GRAN09","segmenti","46.6 m","94.2262752840599","no","GRAN09","GRAN","II0245","40.8 m","2843.98","II0265","5035571.18274621","2311154.6052656","60.96","[232/1, 00312, 00232, 00430, 00517, 00449]","[]"
"GRAN10","segmenti","57 m","144.703640485863","no","GRAN10","GRAN","II0265","45.4 m","6545.75","II0290","5035533.07431397","2311235.89185633","114.76","[232/1, 00232, 00430, 00517, 00449]","[]"
"GRAN11","segmenti","57.8 m","126.212287973788","no","GRAN11","GRAN","II0290","51.6 m","3883.8","II0320","5035502.21457733","2311323.21979162","67.24","[232/1, 00232, 00430, 00517]","[]"
"GRAN12","segmenti","60.2 m","86.5583689560437","no","GRAN12","GRAN","II0320","53.2 m","1704.9","II0335","5035464.18607203","2311351.31088188","28.27","[232/1, 00232, 00517]","[]"
"GRAN13","segmenti","69 m","135.057047867086","no","GRAN13","GRAN","II0335","56.6 m","4626.45","II0355","5035429.67700802","2311384.57165799","66.99","[232/1, 00232, 00517, 00187, II509]","[00187SC0005]"
"GRAN14","segmenti","67.8 m","193.110065417299","no","GRAN14","GRAN","II0355","45 m","8417.5","II0380","5035369.842305","2311459.15393405","124.14","[232/1, 00232, 00517, 00187, II509]","[00187SC0003, 00187SC0005]"
"GRAN15","segmenti","58.8 m","157.252399010404","no","GRAN15","GRAN","II0380","47.4 m","6631.25","II0420","5035306.08320521","2311561.78273931","112.84","[232/1, 00331, 00232, 00517]","[00331SC0004]"
"GRAN16","segmenti","58.7 m","98.2079369000951","no","GRAN16","GRAN","II0420","47.6 m","2752.71","II0450","5035258.39632919","2311619.15246473","46.92","[232/1, 00232, 00517]","[]"
"GRAN17","segmenti","45.8 m","148.547104351833","no","GRAN17","GRAN","II0450","26.4 m","4723.93","II0525","5035193.95238417","2311641.12427825","103.16","[232/1, 00232, 00517]","[]"
"GRAN18","segmenti","41.7 m","209.557054077323","no","GRAN18","GRAN","II0525","26.4 m","7241.8","II0665","5035065.07952349","2311615.50222103","173.57","[232/1, 00232, 00517, PP523, 00314]","[]"
"GRAN19","segmenti","53.9 m","113.593965849031","no","GRAN19","GRAN","II0665","43.4 m","4106.68","II0695","5034990.41724328","2311532.79775039","76.19","[232/1, 00232, 00517]","[]"
"GRAN20","segmenti","58.7 m","164.593456666997","no","GRAN20","GRAN","II0695","47.4 m","8182.63","II0735","5034942.59048316","2311431.05913651","139.32","[232/1, 00232, 00517, 00187, II509]","[00187SC0010]"
"GRAN21","segmenti","65 m","138.49984879668","no","GRAN21","GRAN","II0735","59.8 m","7308.08","II0770","5034894.77364913","2311323.12872724","112.38","[232/1, 00232, 00517, 00187, II509]","[00187SC0009, 00187SC0010]"
"GRAN22","segmenti","68.1 m","111.417414405796","no","GRAN22","GRAN","II0770","66.8 m","2957.4","II0775","5034873.69721858","2311237.69428325","43.36","[232/1, 00232, 00517, 00187, II509]","[00187SC0009]"
"GRAN23","segmenti","71.2 m","114.422009695382","no","GRAN23","GRAN","II0775","65.2 m","3552.61","II0785","5034856.33519981","2311198.256573","49.86","[232/1, 00232, 00517]","[]"
"GRAN24","segmenti","72.1 m","113.833552302458","no","GRAN24","GRAN","II0785","68.7 m","3085.64","II0805","5034843.49739745","2311152.62195265","42.78","[232/1, 00232, 00517]","[]"
"GRAN25","segmenti","62 m","133.325809470164","no","GRAN25","GRAN","II0805","54.2 m","5761.43","II0855","5034813.86249936","2311099.02517733","92.95","[232/1, 00232, 00517]","[]"
"GRAN26","segmenti","60.6 m","112.709788580656","no","GRAN26","GRAN","II0855","53.8 m","4025.3","II0875","5034785.55232906","2311015.37984062","66.36","[232/1, 00232, 00517]","[]"
"GRAN27","segmenti","52 m","90.8027985743034","no","GRAN27","GRAN","II0875","47.4 m","2503.87","II0925","5034756.73225662","2310966.77670211","48.2","[232/1, 00232, 00472, 00517]","[]"
"GRAN28","segmenti","55.4 m","198.56648170433","no","GRAN28","GRAN","II0925","34 m","7828.27","II1030","5034670.46206261","2310949.9250433","141.27","[232/1, 00232, 00517]","[]"
"GRAN29","segmenti","63.7 m","80.4770210579893","no","GRAN29","GRAN","II1030","52.8 m","3088.72","II1085","5034572.6087887","2310958.67075689","48.55","[232/1, 00232, 00517]","[]"
"GRAN30","segmenti","56.4 m","110.719204168378","no","GRAN30","GRAN","II1085","40.4 m","4039.28","II1135","5034516.95333385","2310970.92858911","71.56","[232/1, 00232, 00517]","[]"
"GRAN31","segmenti","47.9 m","113.085654922381","no","GRAN31","GRAN","II1135","39.2 m","3432.77","II1190","5034446.66537792","2311000.26448707","71.65","[232/1, 00232, 00517]","[]"
"GRAN32","segmenti","49.5 m","82.4158079458104","no","GRAN32","GRAN","II1190","46 m","1501.08","II1210","5034418.37020394","2311043.78016985","30.33","[232/1, 00232, 00517]","[]"
"GRAN33","segmenti","51.8 m","87.5532276974105","no","GRAN33","GRAN","II1210","45 m","1627.02","II1220","5034397.53377386","2311065.88417743","31.37","[00302, 232/1, 00313, 00232, 00517]","[00313SC0001, 00313SC0002, 00313SC0003, 00313SC0004, 00313SC0005]"
"GRAN34","segmenti","50.2 m","94.9249030533911","no","GRAN34","GRAN","II1220","44.8 m","2298.86","II1235","5034381.68649349","2311101.92012564","45.79","[232/1, 00232, 00517]","[]"
"GRAN35","segmenti","55.3 m","98.0043489194986","no","GRAN35","GRAN","II1235","47.4 m","3391.23","II1265","5034359.81024869","2311153.94134985","61.3","[232/1, 00120, 00232, 00517]","[00120SC0001]"
"GRAN36","segmenti","63.3 m","157.021743069319","no","GRAN36","GRAN","II1265","48.8 m","8489.97","II1285","5034342.40326126","2311242.21677486","134.21","[232/1, 00120, 00232, 00517]","[00120SC0001, 00120SC0002]"
"GRAN37","segmenti","68.6 m","96.0015808529097","no","GRAN37","GRAN","II1280","65.8 m","2334.09","II1285","5034341.38838918","2311332.30342672","34","[232/1, 00232, 00517]","[]"
"GRAN38","segmenti","67.3 m","103.398424610895","no","GRAN38","GRAN","II1275","58.4 m","5971.95","II1280","5034344.00796138","2311392.69025434","88.71","[232/1, 00232, 00517]","[]"
"GRAN39","segmenti","66.3 m","97.6303477163656","no","GRAN39","GRAN","II1270","61.2 m","2446.69","II1275","5034349.74195934","2311457.41110051","36.9","[232/1, 00232, 00517]","[]"
"GRAN40","segmenti","88 m","177.224551969468","no","GRAN40","GRAN","II1245","68.4 m","13822.16","II1270","5034364.77446811","2311555.3873913","157.06","[232/1, 00232, 00517]","[]"
"GRAN41","segmenti","120.7 m","183.717770144767","no","GRAN41","GRAN","II1245","108 m","7108.97","IE1250","5034364.47447954","2311665.40095245","58.94","[232/1, 00232, 00517]","[]"
"GREC01","segmenti","13 m","271.022277109278","no","GREC01","GREC","II0840","9.8 m","2687.64","IE1035","5034697.48240303","2312292.4984189","207.11","[00136, 00232]","[00136SC0005, 00136SC0008, 00136SC0010, 00136SC0016]"
"GRIM01","segmenti","4.9 m","50.0000000000722","no","GRIM01","GRIM","II0125","4 m","183.626","II0145","5035768.43893429","2311371.93093076","37.56","[00119, 00232]","[00119SC0002, 00119SC0011]"
"GRIM02","segmenti","6.6 m","52.8583263693351","no","GRIM02","GRIM","II0145","5 m","276.603","II0160","5035730.61041984","2311348.33424758","42.18","[00119, 00232]","[00119SC0002, 00119SC0011, 00119SC0012, 00119SC0015]"
"GRIS01","segmenti","4.6 m","135.361256599406","no","GRIS01","GRIS","II0450","2.4 m","644.731","II0455","5035238.40475229","2311723.50029619","141.26","[00103, 00232]","[00103SC0002, 00103SC0026]"
"GRIS02","segmenti","5.7 m","70.6234890772449","no","GRIS02","GRIS","II0455","3.2 m","441.995","II0495","5035198.51157465","2311820.40191993","77.95","[00103, 00232]","[00103SC0001, 00103SC0002, 00103SC0003, 00103SC0026, 00103SC0109]"
"GUER01","segmenti","3.8 m","95.9628481569763","no","GUER01","GUER","II0255","2.6 m","313.34","II0310","5035529.11494558","2311665.57480636","81.64","[00112, 00232, 00448]","[00112SC0006, 00112SC0008, 00112SC0009, 00112SC0016, 00112SC0018, 00448SC0003, 00448SC0004, 00448SC0005]"
"ISEP01","segmenti","8.1 m","283.690882888747","no","ISEP01","ISEP","II1305","6.2 m","2309.23","II1330","5034223.33372953","2313301.76537137","283.41","[00160, 00232, II497, 00218, 00220]","[]"
"ISEP02","segmenti","9.7 m","103.269178837463","no","ISEP02","ISEP","II1330","6.6 m","996.199","IE1340","5034166.31338169","2313113.21297396","103.06","[00160, 00232, 00386, II497, 00218, 00220]","[]"
"LATE01","segmenti","7 m","175.584385030543","no","LATE01","LATE","II0575","5.2 m","1221.16","II0615","5035080.48682466","2312221.08575599","174.51","[00103, 00399, 00232]","[00103SC0021, 00103SC0104]"
"LATE02","segmenti","11 m","90.2109630382921","no","LATE02","LATE","II0615","9 m","909.077","II0630","5035043.41313348","2312357.66047524","82.69","[00136, 00232]","[00136SC0006, 00136SC0007, 00136SC0012, 00136SC0018]"
"LAVR01","segmenti","65.7 m","445.405742795294","no","LAVR01","LAVR","IE1355","41.2 m","21310.63","IE1450","5033935.24325544","2310182.30402751","324.48","[232/1, 00357, 00517]","[]"
"LEPA01","segmenti","9.4 m","416.035163855529","no","LEPA01","LEPA","IE5135","6.5 m","4269.68","II5000","5032418.71806479","2314120.29082158","452.15","[00371, 00379, 00486, PA485, PA488]","[00371SC0001, 00371SC0002, 00371SC0003, 00371SC0008, 00379SC0002]"
"LEPA02","segmenti","8.4 m","217.955823529448","no","LEPA02","LEPA","II5000","7.6 m","1743.29","II5005","5032186.66756547","2314146.61679385","208.62","[00371, 00379, 00381, PA506]","[00371SC0001, 00371SC0002, 00371SC0003, 00371SC0004, 00371SC0005, 00379SC0002]"
"LEPA03","segmenti","10.3 m","602.81898315906","no","LEPA03","LEPA","II5005","7.1 m","5281.18","II5010","5031880.70024787","2314055.44177429","513.33","[00371, 00381, PA506]","[00371SC0003, 00371SC0004, 00371SC0005, 00371SC0006, 00371SC0009]"
"LIO001","segmenti","7.6 m","88.9770632684907","no","LIO001","LIO","II0495","4.2 m","675.966","II0565","5035142.17623091","2311825.54746331","89.31","[00103, 00232]","[00103SC0003, 00103SC0009, 00103SC0026, 00103SC0031, 00103SC0109]"
"LORE01","segmenti","9.8 m","68.9487237082097","no","LORE01","LORE","II0615","8.6 m","450.401","II0675","5035025.8761329","2312304.18373192","45.78","[00136, 00232]","[00136SC0007, 00136SC0012, 00136SC0015, 00136SC0018]"
"LORE02","segmenti","13.2 m","241.843878159257","no","LORE02","LORE","II0675","8.8 m","2430.36","II0840","5034899.17785004","2312297.02569182","184.36","[00136, 00232]","[00136SC0004, 00136SC0008, 00136SC0011, 00136SC0015, 00136SC0016]"
"LUCA01","segmenti","8.2 m","170.721234697293","si","LUCA01","LUCA","II0735","5.6 m","1259.44","II0880","5034826.51033822","2311428.81246218","152.92","[00099, 00232]","[00099SC0012, 00099SC0013]"
"LUCA02","segmenti","8.2 m","50.000000000036","si","LUCA02","LUCA","II0880","7.4 m","146.514","II0915","5034757.39211676","2311474.52228848","17.91","[00099, 00232]","[00099SC0003, 00099SC0012, 00099SC0013]"
"LUCA03","segmenti","8.3 m","50.000000000064","si","LUCA03","LUCA","II0915","6.8 m","214.486","II0945","5034737.62550259","2311484.83007696","25.8","[00099, 00232]","[00099SC0002, 00099SC0003, 00099SC0012, 00099SC0134]"
"LUNA01","segmenti","7.6 m","92.4980345149638","no","LUNA01","LUNA","II1100","5.6 m","511.942","IE1165","5034494.15721596","2311742.8214933","67","[00006, 00232]","[00006SC0063, 00006SC0110]"
"LUST01","segmenti","5.7 m","97.6164625719203","no","LUST01","LUST","II0060","4.4 m","435.68","II0095","5035920.35292663","2311219.18165149","76.29","[00232, 00155]","[00155SC0001, 00155SC0005, 00155SC0006]"
"MADA01","segmenti","10.2 m","49.9999999997995","no","MADA01","MADA","II0165","5.8 m","252.988","II0180","5035688.34265401","2311328.80314382","24.72","[00003, 00119, 00232]","[00003SC0040, 00003SC0095, 00119SC0004, 00119SC0012]"
"MADA02","segmenti","6 m","182.174799537557","no","MADA02","MADA","II0180","4 m","1231.21","II0290","5035612.71065563","2311325.11219549","203.6","[00003, 00119, 00232]","[00003SC0040, 00003SC0095, 00119SC0004]"
"MADO01","segmenti","4.2 m","70.171978335393","no","MADO01","MADO","II0490","3.6 m","259.373","II0540","5035151.96954042","2311185.57418801","61.35","[00320, 232/1, 00159, 00517, 00187, II509]","[00320SC0018, 00320SC0019, 00320SC0029, 00187SC0006, 00187SC0007, 00187SC0013]"
"MADO02","segmenti","7 m","78.6997559812608","no","MADO02","MADO","II0540","5.2 m","435.975","II0600","5035095.95913517","2311223.53982169","62.59","[00320, 232/1, 00159, 00517, 00187, II509]","[00320SC0018, 00320SC0020, 00320SC0028, 00320SC0029, 00187SC0002, 00187SC0006, 00187SC0008, 00187SC0013, 00187SC0016]"
"MADO03","segmenti","4.7 m","195.175517322704","no","MADO03","MADO","II0600","2 m","719.114","II0770","5034988.31258645","2311245.74255888","151.51","[00320, 232/1, 00159, 00517, 00187, II509]","[00320SC0021, 00320SC0028, 00187SC0002, 00187SC0009, 00187SC0016]"
"MAGA01","segmenti","7.9 m","65.6117801164991","no","MAGA01","MAGA","II0650","6.2 m","504.431","II0660","5035019.00231121","2310440.11501108","63.91","[232/1, 00517]","[]"
"MAGG01","segmenti","8.5 m","170.456291466039","no","MAGG01","MAGG","II0790","8 m","1438.73","II0845","5034823.71080082","2310332.53822225","169.58","[00320, 232/1, 00462, 00517, II473]","[00320SC0013, 00320SC0014, 00320SC0031, II473SC0002, II473SC0003, II473SC0009, II473SC0010, II473SC0013, II473SC0015]"
"MAGG02","segmenti","11.8 m","77.9237964707303","no","MAGG02","MAGG","II0845","10.8 m","880.481","II0865","5034792.54110793","2310205.71992972","74.61","[00320, 232/1, 00462, 00517, II473]","[00320SC0012, 00320SC0014, 00320SC0030, 00320SC0031, II473SC0002, II473SC0004, II473SC0007, II473SC0015, II473SC0016]"
"MAGG03","segmenti","12.6 m","59.7793564882535","no","MAGG03","MAGG","II0865","11.4 m","723.481","II0885","5034773.12942932","2310130.06081818","57.35","[00320, 232/1, 00462, 00517, II473]","[00320SC0011, 00320SC0030, II473SC0005, II473SC0007, II473SC0016]"
"MALA01","segmenti","15.3 m","389.1039521533","no","MALA01","MALA","IE5200","11.6 m","11194.06","II5025","5027745.6986358","2311626.19173128","729.63","[]","[]"
"MALA02","segmenti","16.4 m","62.3866951098479","no","MALA02","MALA","IE5200","13.4 m","931.846","II5025","5027621.24947616","2311483.78269036","56.79","[]","[]"
"MALP01","segmenti","6.7 m","153.855489225682","no","MALP01","MALP","II1085","5 m","1025.71","II1115","5034525.46187909","2310858.39224829","153.45","[232/1, 00106, 00517]","[00106SC0001, 00106SC0002]"
"MALP02","segmenti","8.3 m","52.5887349923519","no","MALP02","MALP","II1115","6.4 m","415.706","II1125","5034493.59230968","2310754.77467169","50.43","[232/1, 00106, 00517]","[00106SC0001, 00106SC0002, 00106SC0003]"
"MALP03","segmenti","6.5 m","56.3611500383837","no","MALP03","MALP","II1125","4.8 m","338.72","II1140","5034477.70502892","2310699.21160154","52.53","[232/1, 00106, 00517]","[00106SC0001]"
"MALP04","segmenti","7.7 m","148.471888057563","no","MALP04","MALP","II1140","5.8 m","1148.48","II1185","5034453.37422586","2310601.15934339","150.01","[232/1, 00106, 00517]","[00106SC0001]"
"MARC01","segmenti","5.1 m","51.5950793481423","no","MARC01","MARC","II0135","4 m","200.208","II0150","5035753.65647032","2311191.90740263","39.51","[00119, 00232]","[00119SC0006, 00119SC0015]"
"MARC02","segmenti","6.4 m","116.982320135356","no","MARC02","MARC","II0150","4.4 m","627.667","II0200","5035692.37198721","2311162.08871956","97.81","[00119, 00232]","[00119SC0006]"
"MARC03","segmenti","6.9 m","61.8690892004656","no","MARC03","MARC","II0200","6.4 m","319.03","II0245","5035627.3281099","2311133.43749","46.36","[00119, 00232]","[00119SC0006]"
"MARG01","segmenti","11.2 m","266.55078073058","no","MARG01","MARG","II0800","6.6 m","3117.38","II1000","5034732.62654886","2310558.82072565","279.08","[00003, 232/1, 00222, 00219, 00517]","[00003SC0076, 00219SC0006, 00219SC0009, 00219SC0011, 00219SC0012, 00219SC0016, 00219SC0018]"
"MARI01","segmenti","8.9 m","88.4784406509047","no","MARI01","MARI","II0495","6.4 m","769.749","II0510","5035163.94749356","2311904.92168949","86.47","[00103, 00232]","[00103SC0001, 00103SC0003, 00103SC0009, 00103SC0101, 00103SC0109]"
"MARI02","segmenti","11.3 m","49.9999999999665","no","MARI02","MARI","II0510","9 m","180.108","II0515","5035145.20568808","2311957.1741758","16.03","[00103, 00232]","[00103SC0007, 00103SC0008, 00103SC0101, 00103SC0108]"
"MARI03","segmenti","11.2 m","50.0000000002476","no","MARI03","MARI","II0515","9.2 m","450.478","II0535","5035135.43736129","2311990.11786777","40.11","[00103, 00232]","[00103SC0007, 00103SC0010, 00103SC0102, 00103SC0108]"
"MARI04","segmenti","18.9 m","50.0000000003818","no","MARI04","MARI","II0535","16.8 m","405.743","II0545","5035123.6993719","2312027.05273543","21.52","[00103, 00232]","[00103SC0011, 00103SC0012, 00103SC0102, 00103SC0103]"
"MARN01","segmenti","8.1 m","363.646874759507","no","MARN01","MARN","II0315","5.2 m","2684.89","II0480","5035335.38840041","2310771.36572785","331.65","[232/1, 00102, 00184, 00517]","[00102SC0009, 00102SC0019, 00102SC0022]"
"MAUR01","segmenti","4.3 m","292.379888646225","no","MAUR01","MAUR","II1025","1.2 m","1092.91","II1285","5034483.05415902","2311331.05758257","256.32","[00099, 00232]","[00099SC0004, 00099SC0011]"
"MAVA01","segmenti","9.9 m","207.859039891186","no","MAVA01","MAVA","","3.8 m","2146.1","IE5095","5040400.74551405","2317759.3533073","0","[]","[]"
"MEGI01","segmenti","6 m","224.993982487166","no","MEGI01","MEGI","II0245","2.8 m","1115.26","II0370","5035469.45020501","2311092.46110432","187.24","[232/1, 00113, 00430, 00517, 00449, 00450]","[00113SC0004, 00113SC0005]"
"MEGI02","segmenti","7.5 m","117.500227304584","no","MEGI02","MEGI","II0370","4.4 m","782.551","II0390","5035344.086645","2311086.96143564","104.88","[232/1, 00113, 00430, 00517, 00449, 00450]","[00113SC0001, 00113SC0004, 00113SC0005]"
"MEGI03","segmenti","13.3 m","49.9999999999584","no","MEGI03","MEGI","II0390","7.8 m","406.05","II0405","5035290.47080558","2311065.03920626","30.51","[232/1, 00113, 00430, 00517, 00450]","[00113SC0001, 00113SC0005]"
"MELO01","segmenti","4.3 m","186.688572895654","no","MELO01","MELO","II0590","3 m","684.245","II0735","5035012.39849536","2311313.4518389","157.63","[00003, 232/1, 00159, 00517, 00187, II509]","[00003SC0075, 00003SC0112, 00187SC0001, 00187SC0002, 00187SC0010, 00187SC0015]"
"MEND01","segmenti","14.2 m","495.562147128632","no","MEND01","MEND","IE0305","5.4 m","5719.63","II0535","5035318.71630223","2312098.26994055","402.15","[00157, 00232, 00180]","[00180SC0007]"
"MICH01","segmenti","4.7 m","119.297366142555","no","MICH01","MICH","II0770","2.9 m","484.13","II0890","5034802.54940939","2311293.98711581","103.87","[00232]","[]"
"MIRA01","segmenti","5.1 m","140.055017415346","no","MIRA01","MIRA","II0410","3 m","608.71","II0495","5035228.30149436","2311891.45932575","118.3","[00103, 00232]","[00103SC0001, 00103SC0009, 00103SC0026, 00103SC0109]"
"MISE01","segmenti","19.4 m","95.8241458856771","no","MISE01","MISE","II0050","17.2 m","1796.96","II0065","5035967.34988906","2310978.81620816","92.85","[00101, 00232]","[00101SC0004, 00101SC0005, 00101SC0006, 00101SC0007, 00101SC0017]"
"MISE02","segmenti","14.9 m","107.903693763758","no","MISE02","MISE","II0065","11.2 m","1578.05","II0085","5035927.88165173","2311079.62222414","105.6","[00101, 00232]","[00101SC0005, 00101SC0008, 00101SC0012]"
"MISE03","segmenti","10.6 m","76.4730525169044","no","MISE03","MISE","II0085","9 m","784.3","II0095","5035895.55217544","2311164.01436723","73.95","[00101, 00232]","[00101SC0008, 00101SC0012, 00101SC0015]"
"MISE04","segmenti","11.1 m","50.0000000000782","no","MISE04","MISE","II0095","10.2 m","254.444","II0110","5035874.1308303","2311214.36195292","22.9","[00101, 00232]","[00101SC0009, 00101SC0015, 00101SC0016]"
"MISE05","segmenti","9.2 m","160.450106307768","no","MISE05","MISE","II0110","4.6 m","1551.11","II0125","5035831.18825086","2311309.00705792","168.63","[00101, 00232]","[00101SC0010, 00101SC0014, 00101SC0016]"
"MISE06","segmenti","8.6 m","203.114409130717","no","MISE06","MISE","II0125","6 m","1743.2","II0205","5035719.27247234","2311460.81109569","201.79","[00101, 00232, 00393]","[00101SC0011, 00101SC0014]"
"MOCE01","segmenti","4 m","287.507711250329","si","MOCE01","MOCE","II0290","2 m","1090.16","II0415","5035378.66589602","2311191.53325871","272.43","[232/1, 00114, 00430, 00517, 00449]","[00114SC0001, 00114SC0004, 00114SC0006]"
"MOIS01","segmenti","8.7 m","239.08588583367","no","MOIS01","MOIS","II1020","5.2 m","1759.35","II1245","5034509.45965814","2311587.71297598","202.29","[00099, 00232]","[00099SC0009, 00099SC0010]"
"MOND01","segmenti","5.7 m","49.9999999996251","no","MOND01","MOND","II0620","4.6 m","193.49","II0655","5035031.82510906","2311948.26000039","33.86","[00103, 00232]","[00103SC0006, 00103SC0007, 00103SC0012, 00103SC0030, 00103SC0107, 00103SC0119]"
"MOND02","segmenti","9.1 m","159.296966561409","no","MOND02","MOND","II0655","7.4 m","1130.76","II0755","5034956.29807828","2311987.98568711","124.91","[00103, 00232]","[00103SC0012, 00103SC0015, 00103SC0017, 00103SC0032, 00103SC0115, 00103SC0118, 00103SC0119]"
"MOND03","segmenti","7.2 m","76.061356108025","no","MOND03","MOND","II0755","5.6 m","519.621","II0795","5034869.33795738","2311982.72487132","72.4","[00103, 00232]","[00103SC0016, 00103SC0017, 00103SC0032, 00103SC0115, 00103SC0118]"
"MORO01","segmenti","21.4 m","118.762729317248","no","MORO01","MORO","IE0010","17.4 m","1731.72","II0020","5036181.72316597","2310568.76417087","80.75","[00327, 00101, 00232]","[00101SC0001, 00101SC0003, 00101SC0013]"
"MORT01","segmenti","6.2 m","67.3540368165024","no","MORT01","MORT","II1510","4.6 m","389.613","II1520","5033595.78109614","2310741.13128166","62.61","[00003, 00346, 232/1, 00154, 00517]","[00003SC0116, 00003SC0117, 00346SC0009, 00154SC0005, 00154SC0016]"
"MRTI01","segmenti","5.1 m","50.0000000000033","no","MRTI01","MRTI","II0965","4.2 m","105.177","II0975","5034700.5018615","2312635.88020019","20.52","[00322, 00115, 00232, 00447]","[00322SC0004, 00115SC0002, 00115SC0005, 00115SC0007, 00115SC0010, 00447SC0006]"
"MRTI02","segmenti","3.6 m","88.3147383870341","no","MRTI02","MRTI","II0965","2.6 m","316.652","II0985","5034695.26276488","2312694.92724321","87.04","[00115, 00355, 00232, 00447]","[00115SC0008, 00115SC0010, 00447SC0003, 00447SC0006]"
"MUNE01","segmenti","5.9 m","361.030632703917","no","MUNE01","MUNE","II0465","3 m","2051.75","II0720","5035079.27217944","2310687.371008","349.59","[232/1, 00102, 00184, 00517]","[00102SC0011, 00102SC0018, 00102SC0019, 00102SC0024]"
"MUTI01","segmenti","8.3 m","81.7965736859932","no","MUTI01","MUTI","II0090","7.8 m","630.505","II0120","5035859.5033542","2311492.51115071","75.91","[00003, 00232, 00155, 00179, II519]","[00003SC0032, 00003SC0037, 00003SC0038, 00155SC0002, 00155SC0007, 00155SC0008, 00179SC0001, 00179SC0004]"
"NICO01","segmenti","8.5 m","158.065297477921","no","NICO01","NICO","II1050","6.2 m","1464","II1160","5034527.33658442","2310062.92741355","172.67","[00003, 232/1, 00366, 00222, 00219, 00517]","[00003SC0104, 00003SC0123, 00366SC0001, 00219SC0004, 00219SC0013]"
"NICO02","segmenti","12.5 m","88.014277631897","no","NICO02","NICO","II1160","11 m","818.481","IE1225","5034419.58998412","2310029.95161335","65.36","[232/1, 00222, 00517]","[]"
"NOAL01","segmenti","12.6 m","50.1671705912008","no","NOAL01","NOAL","II0190","10.2 m","499.93","II0205","5035654.74841554","2311556.74946519","39.62","[00232, 00393]","[]"
"NOAL02","segmenti","15.1 m","50.0000000001418","no","NOAL02","NOAL","II0205","12.2 m","389.447","II0210","5035636.34156129","2311516.82545188","25.82","[00232]","[]"
"NOAL03","segmenti","14 m","53.3041361701988","no","NOAL03","NOAL","II0210","10.4 m","631.141","II0230","5035614.08538251","2311481.04491578","45.17","[00232]","[]"
"NOAL04","segmenti","11.3 m","148.280685510676","no","NOAL04","NOAL","II0230","8 m","1493.84","II0320","5035546.05208032","2311411.84596577","132.34","[00368, 00232]","[]"
"NOVO01","segmenti","19.3 m","233.392883940079","no","NOVO01","NOVO","II0460","15.4 m","3297.04","II0650","5035116.12570191","2310394.54997045","170.77","[00009, 232/1, 00517]","[00009SC0078]"
"NOVO02","segmenti","21.8 m","75.72375684925","no","NOVO02","NOVO","II0650","18.2 m","1166.43","II0710","5034986.55787255","2310402.96155137","53.47","[00009, 232/1, 00517]","[00009SC0079, 00009SC0107]"
"NOVO03","segmenti","28.8 m","55.3860118430933","no","NOVO03","NOVO","II0710","16 m","971.659","II0730","5034941.18064348","2310413.57448091","33.74","[00009, 232/1, 00462, 00517, II473]","[00009SC0077, 00009SC0079, 00009SC0107, II473SC0008]"
"NOVO04","segmenti","14.9 m","229.509616627843","no","NOVO04","NOVO","II0730","11.4 m","3522.17","II0800","5034883.03572066","2310523.61036893","236.28","[00009, 232/1, 00222, 00462, 00517, II473]","[00009SC0077, 00009SC0107, 00009SC0132, II473SC0008]"
"OGNI01","segmenti","8.4 m","149.76100633222","no","OGNI01","OGNI","II1185","5.4 m","1636.05","II1290","5034379.45693013","2310585.53205983","193.84","[232/1, 00107, 00517]","[00107SC0003, 00107SC0004]"
"OGNI02","segmenti","12.2 m","49.9999999997752","no","OGNI02","OGNI","II1290","7.2 m","596.191","II1300","5034317.61744588","2310676.32838017","49.02","[232/1, 00107, 00517]","[00107SC0004]"
"OGNI03","segmenti","13.8 m","131.644731198132","no","OGNI03","OGNI","II1300","8.4 m","1925.79","II1310","5034267.59106953","2310763.00778479","139.52","[232/1, 00107, 00517]","[00107SC0005, 00107SC0010]"
"ONGA01","segmenti","18.2 m","291.290667900284","no","ONGA01","ONGA","IE5170","9.6 m","6004.48","","5030365.49965943","2313091.14648173","329.02","[PA524]","[]"
"ORIO01","segmenti","7.7 m","58.0323881891388","no","ORIO01","ORIO","II0405","4.4 m","395.008","II0445","5035261.42078869","2311049.53617893","51.61","[232/1, 00113, 00430, 00517, 00450]","[00113SC0001]"
"ORIO02","segmenti","5.4 m","50.250617970339","no","ORIO02","ORIO","II0445","4 m","276.549","II0475","5035228.34145585","2311012.82806954","51.32","[232/1, 00113, 00430, 00517, 00450]","[00113SC0001, 00113SC0006]"
"ORIO03","segmenti","8.8 m","111.14792391408","no","ORIO03","ORIO","II0475","6.8 m","910.587","II0480","5035205.2254173","2310933.54877953","103.93","[232/1, 00102, 00517]","[00102SC0007, 00102SC0008, 00102SC0019, 00102SC0022]"
"ORSE01","segmenti","9.5 m","128.019665562229","si","ORSE01","ORSE","II0935","4 m","1140.17","II0995","5034692.96319531","2311680.85055615","120.11","[00232]","[]"
"ORSO01","segmenti","4.5 m","117.361007817791","no","ORSO01","ORSO","II1130","3.7 m","413.839","II1235","5034438.21180518","2311148.11147212","92.13","[00320, 00108, 00232]","[00320SC0009, 00108SC0001]"
"ORTO01","segmenti","10.2 m","175.245974857302","no","ORTO01","ORTO","II0035","8 m","1800.91","II0045","5036026.79975373","2311288.81189646","177.12","[00156, 00320, 00232, 00179, II519]","[00320SC0023, 00320SC0027, 00179SC0003, 00179SC0005, 00179SC0006, 00179SC0007]"
"ORTO02","segmenti","12.8 m","156.07128094129","no","ORTO02","ORTO","II0045","9.2 m","2185.9","II0090","5035940.5245375","2311450.17816702","171.13","[00156, 00320, 00232, 00179, II519]","[00320SC0002, 00320SC0026, 00320SC0027, 00179SC0004, 00179SC0006]"
"ORTO03","segmenti","11.4 m","49.999999999894","no","ORTO03","ORTO","II0090","10.6 m","223.044","II0105","5035882.33942425","2311533.69723992","19.58","[00320, 00232, 00179, II519]","[00320SC0015, 00320SC0026, 00179SC0001]"
"PALA01","segmenti","16 m","163.571893459159","no","PALA01","PALA","II1495","10.6 m","2540.53","II1505","5033645.35263551","2310919.68644703","158.62","[232/1, 00154, 00517]","[00154SC0005, 00154SC0012]"
"PANA01","segmenti","11.7 m","145.289332907418","no","PANA01","PANA","IE0275","8.6 m","1400.42","II0345","5035500.61985042","2312083.27075029","119.72","[00157, 00232, 00180]","[00180SC0001, 00180SC0002]"
"PANA02","segmenti","5.1 m","267.140085501305","no","PANA02","PANA","II0345","3.8 m","1142.44","II0435","5035348.3460033","2312008.59998747","222.49","[00157, 00232, 00180]","[00180SC0001, 00180SC0002, 00180SC0006]"
"PANA03","segmenti","6.6 m","113.844443173959","no","PANA03","PANA","II0435","4 m","565.208","II0510","5035196.73686644","2311952.16036865","84.99","[00157, 00232, 00180]","[00180SC0003, 00180SC0006]"
"PANT01","segmenti","10.8 m","145.415575183257","no","PANT01","PANT","II0720","6.8 m","1216.21","II0820","5034889.23956105","2310731.82504852","112.08","[00328, 232/1, 00102, 00133, 00517]","[00102SC0010, 00102SC0011, 00102SC0024]"
"PARM01","segmenti","6.9 m","165.543801439461","no","PARM01","PARM","IE5215","6.1 m","1417.38","","5037461.04909277","2312591.68729566","204.36","[00230, 00232, 00433]","[]"
"PERG01","segmenti","4.5 m","291.665686851983","no","PERG01","PERG","II0320","2.8 m","1248.32","II0440","5035351.53555166","2311224.633496","279.39","[00320, 232/1, 00114, 00517]","[00320SC0010, 00114SC0001, 00114SC0002, 00114SC0005, 00114SC0007]"
"PEST01","segmenti","9.6 m","83.3344382972545","no","PEST01","PEST","II0545","7 m","763.072","II0575","5035111.78142437","2312090.45370945","79.73","[00103, 00232]","[00103SC0012, 00103SC0023, 00103SC0024, 00103SC0103, 00103SC0104]"
"PEST02","segmenti","7.5 m","135.363525153619","no","PEST02","PEST","II0545","5.6 m","900.773","II0655","5035065.02446686","2312005.88395355","120.64","[00103, 00232]","[00103SC0011, 00103SC0012, 00103SC0023, 00103SC0030, 00103SC0032, 00103SC0103, 00103SC0119]"
"PIER01","segmenti","46.6 m","176.073882087089","no","PIER01","PIER","IE0895","27.4 m","6619.19","II0990","5034706.66589037","2313428.28390536","141.92","[00413, 00232, II497, 00220]","[00413SC0004, 00413SC0005]"
"PIER02","segmenti","45.7 m","294.230531676846","no","PIER02","PIER","II0990","32.4 m","9544.91","II1175","5034554.2320042","2313376.36137603","208.62","[00385, 00400, 00411, 00413, 00232, II497, 00218, 00220]","[00413SC0004, 00413SC0005]"
"PIER03","segmenti","49.7 m","160.862690899935","no","PIER03","PIER","II1175","36.4 m","5169.23","II1255","5034404.61259865","2313410.15092059","104.13","[00384, 00413, 00410, 00232, II497, 00218, 00220]","[00413SC0005]"
"PIET01","segmenti","9.8 m","261.96862994769","no","PIET01","PIET","II0870","5.8 m","2000.5","IE1040","5034680.98527651","2312393.82325845","204.71","[00104, 00232]","[00104SC0007, 00104SC0009]"
"PIOM01","segmenti","3.9 m","122.338911671633","no","PIOM01","PIOM","II0515","2.8 m","377.98","II0620","5035092.27477265","2311950.51092325","97.17","[00103, 00232]","[00103SC0007, 00103SC0008, 00103SC0010, 00103SC0030, 00103SC0107, 00103SC0108]"
"PIOM02","segmenti","4.5 m","149.015284308608","no","PIOM02","PIOM","II0585","1.8 m","798.343","II0620","5035058.90051903","2311862.20984049","175.52","[00103, 00232]","[00103SC0006, 00103SC0029, 00103SC0030, 00103SC0107]"
"PLON01","segmenti","29.4 m","183.028573607864","no","PLON01","PLON","IE1470","17.8 m","3812.67","II1505","5033689.00017199","2311036.27554158","129.78","[00333, 232/1, 00397, 00395, 00517]","[00333SC0001, 00333SC0003]"
"PLON02","segmenti","39.1 m","190.197541805683","no","PLON02","PLON","II1505","27.4 m","5494.52","IE1540","5033553.00348561","2310975.07997505","140.69","[00333, 232/1, 00517]","[00333SC0002, 00333SC0003]"
"POLO01","segmenti","5.9 m","86.6448289074847","no","POLO01","POLO","II0505","4.4 m","505.713","II0580","5035124.96917659","2311082.7888694","86.09","[232/1, 00102, 00517]","[00102SC0002, 00102SC0004, 00102SC0006, 00102SC0007, 00102SC0021]"
"POLO02","segmenti","11.8 m","71.5872746486784","no","POLO02","POLO","II0580","9.2 m","631.905","II0635","5035067.6389848","2311070.62174029","53.67","[232/1, 00102, 00517]","[00102SC0004, 00102SC0005, 00102SC0006, 00102SC0012, 00102SC0023]"
"POLO03","segmenti","10.9 m","122.809220972908","no","POLO03","POLO","II0635","6 m","989.687","II0715","5034992.33688612","2311094.58110565","90.55","[232/1, 00102, 00394, 00517]","[00102SC0005, 00102SC0013, 00102SC0014, 00102SC0023]"
"POLO04","segmenti","11.6 m","88.2475910140168","no","POLO04","POLO","II0715","8.6 m","882.161","II0760","5034918.19959216","2311126.89798856","76.03","[232/1, 00102, 00517]","[00102SC0003, 00102SC0013, 00102SC0014]"
"POLO05","segmenti","19.9 m","50.0000000001263","no","POLO05","POLO","II0760","17.4 m","169.658","II0785","5034890.10938359","2311160.74496094","9.86","[232/1, 00102, 00517]","[00102SC0003, 00102SC0014]"
"PONT01","segmenti","8.3 m","224.637795228716","no","PONT01","PONT","IE5100","4.8 m","1505.86","IE5230","5040269.96290956","2318210.56234697","181.68","[00303, 00367, 00158]","[00303SC0004, 00303SC0005, 00367SC0001, 00367SC0002, 00367SC0003, 00367SC0004]"
"PPIC01","segmenti","9.5 m","187.891526293227","no","PPIC01","PPIC","IE1440","6.4 m","1387.86","II1495","5033737.79181183","2310861.97087605","146.63","[00003, 232/1, 00154, 00517]","[00003SC0118, 00154SC0005, 00154SC0012]"
"PPIC02","segmenti","14.6 m","104.415837463929","no","PPIC02","PPIC","II1495","10.4 m","1281.02","II1520","5033622.51153652","2310806.76685137","87.53","[00003, 232/1, 00154, 00517]","[00003SC0117, 00154SC0005, 00154SC0012, 00154SC0016]"
"PPIC03","segmenti","16.4 m","104.234469548825","no","PPIC03","PPIC","II1520","9.4 m","1375.69","IE1535","5033548.71918368","2310736.30269958","83.88","[00003, 232/1, 00154, 00517]","[00003SC0116, 00154SC0005, 00154SC0016]"
"PRIU01","segmenti","7.7 m","49.9999999999408","no","PRIU01","PRIU","II0250","6 m","379.068","II0280","5035558.82483914","2311547.83952589","49.22","[00003, 00112, 00232]","[00003SC0039, 00003SC0047, 00112SC0004, 00112SC0005, 00112SC0007, 00112SC0011, 00112SC0015, 00112SC0017]"
"PRIU02","segmenti","8.9 m","79.0425892936627","no","PRIU02","PRIU","II0280","5.8 m","745.486","II0310","5035515.65725408","2311606.09882081","83.69","[00003, 00112, 00232]","[00003SC0046, 00112SC0006, 00112SC0008, 00112SC0017, 00112SC0018]"
"PRIU03","segmenti","11.4 m","50.603671391838","no","PRIU03","PRIU","II0310","9.8 m","547.309","II0325","5035475.85405988","2311665.10491496","47.83","[00003, 00112, 00232]","[00003SC0044, 00112SC0001, 00112SC0006, 00112SC0009, 00112SC0018]"
"PROC01","segmenti","5.5 m","96.907505871131","no","PROC01","PROC","II0950","4 m","578.383","II0995","5034684.42464394","2311768.14950451","105.21","[00232]","[]"
"PROV01","segmenti","5.2 m","72.2858189432369","no","PROV01","PROV","II0840","4 m","374.989","II0850","5034802.60437676","2312250.90072485","72.14","[00136, 00232]","[00136SC0004, 00136SC0005, 00136SC0008, 00136SC0010, 00136SC0011, 00136SC0016, 00136SC0017]"
"PROV02","segmenti","4.1 m","49.999999999786","no","PROV02","PROV","II0850","2 m","144.248","II0860","5034791.1363367","2312190.62496933","35.4","[00136, 00232, 00425, 00431]","[00136SC0009, 00136SC0017, 00431SC0003, 00431SC0004]"
"QUIN01","segmenti","34.6 m","192.227353781637","no","QUIN01","QUIN","IE1150","12.8 m","6781.81","II1255","5034430.18828986","2313541.82148503","195.88","[00412, 00232]","[00412SC0001]"
"RACH01","segmenti","4.2 m","76.8056750755763","no","RACH01","RACH","II0195","3.2 m","291.213","II0225","5035632.8121799","2311646.35289849","69.55","[00320, 00112, 00232, 00448, 00189]","[00320SC0006, 00320SC0032, 00112SC0019, 00448SC0001, 00448SC0002, 00448SC0003, 00189SC0005, 00189SC0006, 00189SC0020]"
"RACH02","segmenti","4.9 m","79.6957578616858","no","RACH02","RACH","II0225","3.8 m","352.15","II0280","5035572.73747116","2311595.27160536","72.31","[00320, 00112, 00232, 00448]","[00320SC0007, 00320SC0032, 00112SC0007, 00112SC0011, 00112SC0017, 00112SC0019, 00448SC0002, 00448SC0003]"
"RAFF01","segmenti","8.7 m","209.695574856339","no","RAFF01","RAFF","II1070","6 m","1852.13","II1105","5034536.83995426","2310238.71649849","211.89","[00003, 232/1, 00222, 00219, 00517]","[00003SC0081, 00003SC0104, 00219SC0003, 00219SC0004, 00219SC0005, 00219SC0015]"
"RAFF02","segmenti","11.6 m","107.697270433204","no","RAFF02","RAFF","II1105","8 m","1319.66","II1160","5034487.01346666","2310087.33665415","113.37","[00003, 232/1, 00222, 00219, 00517]","[00003SC0081, 00003SC0104, 00003SC0123, 00219SC0004, 00219SC0005, 00219SC0007, 00219SC0013]"
"REAL01","segmenti","7.1 m","125.512707789567","no","REAL01","LUNA","II1060","5 m","870.374","II1100","5034544.413626","2311793.77880073","122.17","[00006, 00232]","[00006SC0063, 00006SC0110, 00006SC0111]"
"ROMI01","segmenti","7.1 m","227.241406261378","no","ROMI01","ROMI","II1125","4.8 m","1254.14","II1300","5034395.20419471","2310721.48407291","176.92","[232/1, 00106, 00517]","[00106SC0001, 00106SC0003]"
"ROVI01","segmenti","11.4 m","776.700593610329","no","ROVI01","ROVI","IE5125","8.4 m","10842.49","IE5125","5032922.83266919","2314628.32568479","948.45","[00371, 00379]","[00371SC0007, 00379SC0001]"
"SACB01","segmenti","88.3 m","218.057192911976","no","SACB01","SACB","IE1375","75.8 m","11671.61","II1400","5033993.02316738","2309714.15213965","132.24","[232/1, 00517]","[]"
"SACB02","segmenti","88.9 m","254.686251784254","no","SACB02","SACB","II1400","32.4 m","16294.5","IE1455","5033856.99149844","2309646.44598044","183.21","[232/1, 00517]","[]"
"SACF01","segmenti","17.6 m","64.1478033385726","no","SACF01","SACF","II1400","11.8 m","860.401","II1410","5033908.52753123","2309746.21520373","48.85","[00346, 232/1, 00517]","[00346SC0005, 00346SC0013]"
"SACF02","segmenti","16.1 m","106.571655368352","no","SACF02","SACF","II1410","11.6 m","1658.74","II1425","5033872.82365522","2309847.30974612","103.04","[00346, 232/1, 00517]","[00346SC0002, 00346SC0004, 00346SC0012, 00346SC0013]"
"SACF03","segmenti","15.4 m","173.783644450756","no","SACF03","SACF","II1425","9.4 m","2674.95","IE1445","5033825.20685648","2309997.67082465","174.14","[00346, 232/1, 00517]","[00346SC0003, 00346SC0012]"
"SACM01","segmenti","11.3 m","143.859111285195","no","SACM01","SACM","II0105","10.4 m","1781.13","II0130","5035830.03345462","2311607.01336667","157.77","[00232, 00179, II519]","[00179SC0001]"
"SALU01","segmenti","7.2 m","119.032054241919","no","SALU01","SALU","II1270","5.8 m","648.87","II1315","5034269.72565965","2311485.95138478","89.91","[232/1, 00130, 00517]","[00130SC0002, 00130SC0003]"
"SALU02","segmenti","6.8 m","127.735137312523","no","SALU02","SALU","II1315","5 m","648.886","IE1345","5034179.02620407","2311508.27379903","95.93","[232/1, 00130, 00517]","[00130SC0002, 00130SC0003]"
"SALV01","segmenti","5 m","226.978864095814","no","SALV01","SALV","II0665","2.8 m","1071.78","II0825","5034907.36155168","2311652.96052005","216.53","[00392, 00232]","[]"
"SANT01","segmenti","5.8 m","337.989694830075","no","SANT01","SANT","II1005","3.8 m","1596.39","II1265","5034507.40008196","2311248.27221185","275.27","[00320, 00108, 00232]","[00320SC0008, 00108SC0002, 00108SC0008]"
"SCOA01","segmenti","6.3 m","90.5172687048599","no","SCOA01","SCOA","II0825","4.4 m","630.938","II0900","5034792.52612416","2311683.75350083","99.59","[00232]","[]"
"SCOA02","segmenti","8.1 m","50.000000000019","no","SCOA02","SCOA","II0900","7 m","208.299","II0935","5034750.6232762","2311645.16154202","25.61","[00232]","[]"
"SCOM01","segmenti","47.3 m","715.960407253192","no","SCOM01","SCOM","II0560","34.8 m","28186.84","II1010","5034872.58336257","2309805.01608913","596.05","[232/1, 00517]","[]"
"SCOM02","segmenti","52.5 m","243.08841641898","no","SCOM02","SCOM","II1010","49 m","9783.69","IE1155","5034540.5493992","2309600.46107104","186.42","[232/1, 00517]","[]"
"SCUD01","segmenti","6.2 m","292.820656012816","no","SCUD01","SCUD","II0705","4 m","1842.79","II0920","5034849.14157905","2312610.17384212","296.85","[00003, 00115, 00232, 00447]","[00003SC0021, 00003SC0024, 00003SC0030, 00115SC0004, 00115SC0005, 00115SC0009, 00115SC0011, 00447SC0007]"
"SCUD02","segmenti","7.3 m","61.9243939806979","no","SCUD02","SCUD","II0920","6 m","424.59","II0975","5034724.22780824","2312600.45009909","58.45","[00003, 00115, 00232]","[00003SC0024, 00003SC0030, 00115SC0002, 00115SC0004, 00115SC0005]"
"SCUO01","segmenti","10.3 m","317.55327899552","no","SCUO01","SCUO","IE5140","9.1 m","3249.34","II5000","5032299.09831552","2314048.89887964","316.53","[00371, 00379]","[00371SC0001, 00371SC0002, 00371SC0003, 00379SC0002]"
"SEBA01","segmenti","10.8 m","319.800327911686","no","SEBA01","SEBA","II1070","8.4 m","2764.92","IE1295","5034440.76645474","2310382.8474298","256.99","[232/1, 00222, 00219, 00517]","[00219SC0003, 00219SC0005, 00219SC0010, 00219SC0015]"
"SENS01","segmenti","15.3 m","248.18278693249","no","SENS01","SENS","IE0005","9.2 m","4631.48","II0030","5036169.98036543","2310835.774197","301.73","[00003, 00232, 00155, 00179, II519]","[00003SC0033, 00155SC0003, 00179SC0002]"
"SENS02","segmenti","13.1 m","221.409964051583","no","SENS02","SENS","II0030","7.2 m","3024.18","II0040","5036037.71793009","2311060.21328867","230.62","[00003, 00232, 00155]","[00003SC0031, 00003SC0034, 00155SC0004, 00155SC0009]"
"SENS03","segmenti","11.9 m","70.1309116680422","no","SENS03","SENS","II0040","9.6 m","803.684","II0060","5035974.69361754","2311202.77580193","67.66","[00003, 00356, 00232, 00155]","[00003SC0031, 00003SC0035, 00155SC0001, 00155SC0005, 00155SC0009]"
"SENS04","segmenti","10.2 m","85.2146218650131","no","SENS04","SENS","II0060","9.2 m","844.342","II0075","5035943.56395434","2311278.62868464","82.67","[00003, 00232, 00155]","[00003SC0036, 00155SC0001, 00155SC0006, 00155SC0010]"
"SENS05","segmenti","10.2 m","147.587512994139","no","SENS05","SENS","II0075","6.4 m","1681.32","II0120","5035877.215376","2311392.0546984","165.56","[00003, 00232, 00155]","[00003SC0032, 00003SC0037, 00155SC0002, 00155SC0007, 00155SC0010]"
"SENS06","segmenti","13.4 m","180.979839194696","no","SENS06","SENS","II0120","10.6 m","2364.71","II0170","5035764.96462211","2311529.6716178","176.24","[00003, 00232, 00155, 00393]","[00003SC0032, 00003SC0038, 00155SC0002, 00155SC0008]"
"SERV01","segmenti","9.4 m","116.281465117208","no","SERV01","SERV","II0110","6.2 m","799.886","II0135","5035820.52502617","2311216.34906508","85.34","[00119, 00232]","[00119SC0009, 00119SC0015]"
"SERV02","segmenti","10.8 m","136.35433063506","no","SERV02","SERV","II0135","7.6 m","1478.3","II0160","5035743.20830204","2311267.73496754","137.23","[00119, 00232]","[00119SC0002, 00119SC0006, 00119SC0009, 00119SC0015]"
"SEVE01","segmenti","6.4 m","98.9889654342775","no","SEVE01","SEVE","II0595","5.2 m","469.569","II0680","5035031.66514308","2312159.23557543","73.84","[00103, 00232]","[00103SC0015, 00103SC0020, 00103SC0022, 00103SC0024, 00103SC0105, 00103SC0112]"
"SEVE02","segmenti","8.4 m","250.389013077836","no","SEVE02","SEVE","II0680","4.2 m","1671.28","II0850","5034895.73849142","2312178.99658693","198.75","[00103, 00232]","[00103SC0015, 00103SC0019, 00103SC0112]"
"SSER01","segmenti","16.7 m","245.215969357561","no","SSER01","SSER","","10.7 m","4377.86","IE5045","5036983.51095616","2312491.51926794","261.49","[00232]","[]"
"STIN01","segmenti","8.4 m","118.966844461246","no","STIN01","STIN","II0580","8 m","933.149","II0605","5035071.7232926","2310993.24724867","111.93","[232/1, 00102, 00517]","[00102SC0004, 00102SC0007, 00102SC0012, 00102SC0015]"
"SVEV01","segmenti","20.2 m","314.141314425307","no","SVEV01","SVEV","IE5140","15 m","6161.85","II5010","5031696.95149859","2313819.29430705","305.17","[00371, 00381, PA506]","[00371SC0006, 00371SC0009]"
"TANA01","segmenti","10.1 m","74.5189475390234","no","TANA01","TANA","II1120","8.8 m","564.74","II1200","5034450.98460535","2313183.18659051","55.84","[00326, 00160, 00232, II495, II497, 00218, 00220]","[00326SC0002, 00326SC0003]"
"TANA02","segmenti","11 m","422.751656590076","no","TANA02","TANA","II1120","5.8 m","4964.82","II1230","5034447.91040992","2312972.49519669","453.29","[00160, 00232, II495, II497, 00218, 00220]","[]"
"TANA03","segmenti","16.2 m","50.0000000002712","no","TANA03","TANA","II1230","14.6 m","336.494","IE1240","5034376.13742197","2312765.17285271","20.71","[00160, 00232, II495, II497, 00218, 00220]","[]"
"TASS01","segmenti","12.7 m","232.641264145721","no","TASS01","TASS","IE5175","8.6 m","2892.57","","5029879.85269405","2312740.35010632","228.08","[]","[]"
"TEDE01","segmenti","7.9 m","113.759252713662","no","TEDE01","TEDE","II0525","5.6 m","875.784","II0565","5035123.53942335","2311733.74630307","110.39","[00103, 00232]","[00103SC0003, 00103SC0031]"
"TENT01","segmenti","11.1 m","53.7443464227406","no","TENT01","TENT","II0835","9 m","547.733","II0905","5034779.87327536","2310407.94640607","49.3","[232/1, 00222, 00462, 00517, II473]","[II473SC0006, II473SC0010, II473SC0014, II473SC0017]"
"TENT02","segmenti","12.4 m","227.508808544434","no","TENT02","TENT","II0865","10.4 m","3108.93","II0905","5034743.28961203","2310270.53426233","249.8","[00003, 232/1, 00222, 00462, 00517, II473]","[00003SC0089, II473SC0004, II473SC0005, II473SC0007, II473SC0016, II473SC0017]"
"TEOD01","segmenti","12.4 m","98.4056855597781","no","TEOD01","TEOD","II5035","7.5 m","1155.52","II5030","5027571.04808567","2311693.1996814","92.95","[]","[]"
"TEOD02","segmenti","20.8 m","108.765361120291","no","TEOD02","TEOD","II5040","5.9 m","2211.88","II5035","5027527.75052279","2311593.20143778","106.28","[]","[]"
"TERE01","segmenti","22.1 m","95.1514386500454","no","TERE01","TERE","II0885","16.8 m","1428.95","II0980","5034724.12282827","2310102.96774597","64.69","[00005, 232/1, 00325, 00517]","[00325SC0001]"
"TERE02","segmenti","12.7 m","173.539879828697","no","TERE02","TERE","II0980","7.2 m","1941.93","II1050","5034642.67180239","2310131.48696435","153.02","[232/1, 00325, 00366, 00517]","[00325SC0001, 00366SC0001]"
"TERR01","segmenti","8.5 m","501.65730122609","no","TERR01","TERR","IE5115","6.3 m","3809.04","IE5110","5040138.72555686","2318381.24813502","446.35","[00303, PA490, IA505, 00158]","[00303SC0003]"
"TETT01","segmenti","6.6 m","50.0000000000736","no","TETT01","TETT","II0575","4.2 m","264.294","II0595","5035083.92618466","2312146.80449882","39.95","[00103, 00232]","[00103SC0022, 00103SC0023, 00103SC0024, 00103SC0104, 00103SC0105]"
"TETT02","segmenti","7.7 m","132.731841500483","no","TETT02","TETT","II0595","5.2 m","1108.88","II0675","5035032.24009155","2312231.45946474","143.71","[00103, 00232]","[00103SC0020, 00103SC0022, 00103SC0105]"
"TOLA01","segmenti","5.5 m","75.1726093021136","no","TOLA01","TOLA","II1115","3.2 m","370.738","II1170","5034475.57540059","2310800.04639931","67.73","[232/1, 00106, 00517]","[00106SC0001, 00106SC0002]"
"TOLA02","segmenti","4.7 m","124.806051700656","no","TOLA02","TOLA","II1145","2.4 m","575.29","II1170","5034465.31715931","2310876.66211181","123.64","[232/1, 00106, 00517]","[00106SC0002]"
"TOLE01","segmenti","8.8 m","321.249060551954","no","TOLE01","TOLE","II0425","6 m","2317.09","II0660","5035134.71255821","2310492.46090886","262.43","[00002, 232/1, 00124, 00184, 00517]","[00124SC0001]"
"TOMA01","segmenti","5.1 m","179.102199836687","no","TOMA01","TOMA","II0700","2.6 m","844.485","II0855","5034892.57400576","2311015.00860138","165.25","[232/1, 00102, 00517]","[00102SC0016, 00102SC0017]"
"TORE01","segmenti","5.5 m","341.024140068233","no","TORE01","TORE","II1285","3.2 m","2121.41","IE1370","5034181.59600777","2311219.06225544","382.48","[00320, 232/1, 00120, 00517]","[00320SC0016, 00120SC0002]"
"TPER01","segmenti","13.6 m","374.467399005152","no","TPER01","TPER","","12.3 m","4704.4","II5015","5028098.94795551","2311887.19169059","346.23","[]","[]"
"TRAP01","segmenti","7.3 m","164.954210198724","no","TRAP01","TRAP","II0145","4.4 m","1280.78","II0210","5035691.95711921","2311432.01164328","175.5","[00320, 00119, 00232]","[00320SC0003, 00320SC0004, 00320SC0005, 00320SC0033, 00119SC0002, 00119SC0011]"
"TRAS01","segmenti","6.5 m","94.7445625588066","no","TRAS01","TRAS","II0035","5.2 m","483.778","II0040","5036027.91950122","2311185.65248266","74.89","[00003, 00232, 00155, 00179, II519]","[00003SC0031, 00003SC0034, 00003SC0035, 00155SC0004, 00155SC0005, 00155SC0009, 00179SC0002, 00179SC0003, 00179SC0007]"
"TREP01","segmenti","10.6 m","49.9999999999597","no","TREP01","TREP","II0730","10 m","137.984","II0745","5034915.69500102","2310408.67222102","13.04","[232/1, 00462, 00517, II473]","[II473SC0002, II473SC0008, II473SC0011]"
"TREP02","segmenti","10.5 m","69.8074765060123","no","TREP02","TREP","II0745","8.2 m","539.745","II0790","5034875.07696385","2310415.89995375","51.37","[232/1, 00462, 00517, II473]","[II473SC0002, II473SC0003, II473SC0009, II473SC0011, II473SC0013]"
"TREP03","segmenti","13 m","59.0128759923697","no","TREP03","TREP","II0790","11.2 m","476.602","II0835","5034821.02622135","2310425.84904654","36.7","[232/1, 00462, 00517, II473]","[II473SC0001, II473SC0003, II473SC0006, II473SC0010, II473SC0013, II473SC0014]"
"TRON01","segmenti","3.4 m","203.458380958064","no","TRON01","TRON","II0265","2.4 m","587.047","II0370","5035462.80135853","2311133.1395527","172.43","[232/1, 00113, 00430, 00517, 00449]","[00113SC0004, 00113SC0005]"
"TROV01","segmenti","9.8 m","50.0000000000796","no","TROV01","TROV","II1135","8 m","135.691","II1145","5034472.32094668","2310950.22693554","13.94","[232/1, 00107, 00517]","[00107SC0006, 00107SC0007]"
"TROV02","segmenti","9.5 m","324.283331987826","no","TROV02","TROV","II1145","5.2 m","2493.49","II1310","5034347.10254917","2310887.35105204","261.92","[00009, 232/1, 00107, 00517]","[00009SC0083, 00107SC0005, 00107SC0006, 00107SC0007, 00107SC0010]"
"TROV03","segmenti","14.6 m","67.0434295565988","no","TROV03","TROV","II1310","13 m","708.794","IE1335","5034201.38736437","2310814.07739269","48.7","[00009, 232/1, 00107, 00517]","[00009SC0084, 00107SC0005]"
"TRTE01","segmenti","5 m","115.86208505469","no","TRTE01","TRTE","II0030","3.8 m","439.883","II0050","5036038.48768922","2310940.29415201","87.41","[00101, 00232]","[00101SC0003, 00101SC0004, 00101SC0007, 00101SC0017]"
"VERG01","segmenti","15.5 m","61.9329557059326","no","VERG01","VERG","II0940","9.6 m","894.084","II0955","5034723.78288562","2313272.23339502","57.5","[00160, 00232, II495, II497, 00218, 00220]","[]"
"VERG02","segmenti","12.1 m","74.1508619861434","no","VERG02","VERG","II0955","9.2 m","863.452","II0990","5034685.47945223","2313332.88433256","71.2","[00160, 00232, II495, II497, 00218, 00220]","[]"
"VERO01","segmenti","5.3 m","167.207229520874","si","VERO01","VERO","II0945","3.6 m","872.133","II1015","5034663.95318935","2311438.89750272","165.42","[00099, 00232]","[00099SC0002, 00099SC0003, 00099SC0004, 00099SC0014, 00099SC0130, 00099SC0134]"
"VERO02","segmenti","4.3 m","64.489998217373","no","VERO02","VERO","II1015","3 m","309.524","II1025","5034594.63500177","2311355.18686255","72.85","[00099, 00232]","[00099SC0002, 00099SC0004, 00099SC0005, 00099SC0011, 00099SC0130]"
"VEST01","segmenti","8.3 m","50.1943366138698","si","VEST01","VEST","II1015","3.2 m","303.405","II1075","5034580.33744754","2311393.8369934","36.68","[00099, 00232]","[00099SC0004, 00099SC0005, 00099SC0006, 00099SC0130, 00099SC0131]"
"VEST02","segmenti","10.5 m","50.0000000001119","si","VEST02","VEST","II1075","7.2 m","374.374","II1090","5034557.43636724","2311417.54908013","35.52","[00099, 00232]","[00099SC0006, 00099SC0007, 00099SC0010, 00099SC0131]"
"VEST03","segmenti","4.8 m","121.034265739023","si","VEST03","VEST","II1020","3.2 m","591.623","II1090","5034573.55864002","2311489.67420362","123.29","[00099, 00232]","[00099SC0001, 00099SC0007, 00099SC0008, 00099SC0009, 00099SC0010]"
"VETR01","segmenti","11.2 m","618.481573996096","no","VETR01","VETR","II2030","7.2 m","6057","IE5075","5036771.05283986","2312900.93659131","541.93","[00009, 00230, 00232, 00433]","[00009SC0119]"
"VIGN01","segmenti","8.5 m","280.548343086412","no","VIGN01","VIGN","II0630","5.8 m","2421.19","II0705","5035001.17548558","2312551.34199863","285.98","[00003, 00115, 00232, 00447]","[00003SC0021, 00003SC0024, 00115SC0004, 00115SC0009, 00447SC0001, 00447SC0007]"
"VIN001","segmenti","5.8 m","276.665161724991","no","VIN001","VIN","II0860","1.6 m","1351.29","IE1045","5034685.94941304","2312142.54842718","232.2","[00232, 00425, 00431]","[00431SC0001, 00431SC0002, 00431SC0004]"
"VIO001","segmenti","8.8 m","325.687801059609","no","VIO001","VIO","II1265","5.8 m","2353.67","IE1360","5034205.28685248","2311107.44689401","267.64","[00009, 232/1, PA621, 00120, 00517]","[00009SC0082, 00120SC0001]"
"WIDM01","segmenti","6.8 m","144.51024710511","no","WIDM01","WIDM","II0365","4.8 m","782.408","II0395","5035352.63019016","2311907.27983786","114.93","[00157, 00232, 00180]","[00180SC0004, 00180SC0005]"
"WIDM02","segmenti","7 m","50.00000000017","no","WIDM02","WIDM","II0395","5.6 m","157.112","II0410","5035291.44063945","2311932.1468653","22.26","[00157, 00232, 00180]","[00180SC0004, 00180SC0005]"
"WIDM03","segmenti","7.2 m","50.000000000042","no","WIDM03","WIDM","II0410","4.8 m","247.324","II0435","5035256.65659762","2311941.34965887","34.25","[00157, 00232, 00180]","[00180SC0002, 00180SC0003, 00180SC0006]"
"ZANI01","segmenti","4.4 m","168.413049128139","no","ZANI01","ZANI","II0755","3.4 m","892.432","II0860","5034840.41297946","2312086.92318995","202.82","[00103, 00232, 00425, 00431]","[00103SC0016, 00103SC0017, 00103SC0115, 00103SC0118, 00431SC0001, 00431SC0002, 00431SC0004]"
"ZECA01","segmenti","8 m","92.2909275631192","no","ZECA01","LUNA","II1060","5.1 m","557.564","IE1110","5034543.18881572","2311863.07217811","69.52","[00006, 00232]","[00006SC0110, 00006SC0111]"
"ZECC01","segmenti","12.4 m","194.875626972189","no","ZECC01","ZECC","IE0015","11 m","1926.4","II0035","5036141.16015184","2311246.47591155","155.14","[00009, 00156, 00232, 00179, II519]","[00009SC0124, 00179SC0002, 00179SC0003, 00179SC0005, 00179SC0007]"
"ZIRA01","segmenti","7 m","66.8796726365519","no","ZIRA01","ZIRA","II0625","6.2 m","404.316","II0650","5035034.31468916","2310356.18073854","57.68","[232/1, 00517]","[]"
"ZIRA02","segmenti","8.6 m","65.6337546040594","no","ZIRA02","ZIRA","II0645","8.1 m","565.458","II0670","5035011.9985158","2310063.32403478","65.61","[00003, 232/1, 00517]","[]"
"ZOBE01","segmenti","5.2 m","244.652628373568","si","ZOBE01","ZOBE","II1075","3.6 m","1040.12","II1280","5034469.1465399","2311368.64808614","201.05","[00099, 00232]","[00099SC0005, 00099SC0006, 00099SC0007, 00099SC0131]"
"ZUAN01","segmenti","5.5 m","198.76929791166","no","ZUAN01","ZUAN","II0465","3.8 m","1206.27","II0480","5035186.13873686","2310781.12879926","218.09","[232/1, 00102, 00184, 00517]","[00102SC0008, 00102SC0009, 00102SC0018, 00102SC0019, 00102SC0022]"
"ZULI01","segmenti","8.6 m","156.716680331988","no","ZULI01","ZULI","II0740","4.6 m","1656.5","II0795","5034864.33887651","2311877.03607323","193.19","[00103, 00399, 00232]","[00103SC0028]"
