"id","polygon"
"3001","LINESTRING (12.328809628579764 45.42540551539082, 12.328681078739242 45.425134452780895)"
"3002","LINESTRING (12.328208168656762 45.424205522812855, 12.32806541910671 45.423941661929135)"
"3003","LINESTRING (12.32328105332691 45.426724672113544, 12.323165634706845 45.42644776320768)"
"3004","LINESTRING (12.322585578059638 45.42511901468018, 12.32246320477092 45.42484510816655)"
"3005","LINESTRING (12.32149377350591 45.42636346803581, 12.321202664904067 45.42643596480769)"
"3006","LINESTRING (12.320043524688229 45.427387955059935, 12.32018919597276 45.42765021423873)"
"3007","LINESTRING (12.319322071790605 45.426132041360084, 12.319169456994175 45.425873761039675)"
"3008","LINESTRING (12.315541463479622 45.426205106942156, 12.315248897729862 45.4262714792411)"
"3009","LINESTRING (12.314475152118947 45.42614609442848, 12.3146196934344 45.42588321078858)"
"3010","LINESTRING (12.313643513169314 45.426582718870016, 12.313346594664011 45.42662560711093)"
"3011","LINESTRING (12.312976582740042 45.42611967689025, 12.313100887586295 45.42584664153503)"
"3012","LINESTRING (12.312294060801653 45.42683328892485, 12.312005186427823 45.42691423085554)"
"3013","LINESTRING (12.311741294766477 45.42747467388696, 12.311834727814023 45.42775975328928)"
"3014","LINESTRING (12.311015554022786 45.426466018672166, 12.310800357634934 45.42625699591107)"
"2001","LINESTRING (12.31002756499351 45.43240813300422, 12.310227733042149 45.432631589380954)"
"2002","LINESTRING (12.31562883490498 45.4317604558892, 12.315646833137832 45.431460996269855)"
"2003","LINESTRING (12.316147875280121 45.432156032795625, 12.316427860188183 45.43226377531861)"
"2004","LINESTRING (12.320167835795733 45.43324990592229, 12.320436844567983 45.433382700050366)"
"2005","LINESTRING (12.320595671345544 45.43409954295346, 12.320386302049023 45.43431440220431)"
"2006","LINESTRING (12.316892168867748 45.43481031006543, 12.316598056205015 45.434751168357465)"
"2007","LINESTRING (12.317569048624115 45.43494400565292, 12.31786352246204 45.43500132195756)"
"2008","LINESTRING (12.319194049306214 45.43526492354003, 12.319488252798722 45.43532361174154)"
"2009","LINESTRING (12.320274508637633 45.436024620669286, 12.320419360071403 45.436287333558454)"
"2010","LINESTRING (12.321003945332354 45.43548026785751, 12.320782812171128 45.43527753619987)"
"2011","LINESTRING (12.320595458991527 45.43518563805024, 12.320469971867158 45.43545813205314)"
"2012","LINESTRING (12.320407782734597 45.43563565488164, 12.320321755428372 45.43592305582558)"
"2013","LINESTRING (12.320423184715901 45.43501333750608, 12.320164373391089 45.43486162495502)"
"2014","LINESTRING (12.32355250180601 45.435470663133586, 12.323852262602937 45.43545868546164)"
"2015","LINESTRING (12.323457005581377 45.433047017108976, 12.323754482796934 45.43308584115081)"
"2016","LINESTRING (12.32302745803597 45.43207529274721, 12.322733125977127 45.432017252768425)"
"2017","LINESTRING (12.323811038360233 45.43090695844902, 12.324089713756074 45.430795872789496)"
"2018","LINESTRING (12.324945111390504 45.43045450271618, 12.325223733037477 45.430343282314105)"
"2019","LINESTRING (12.325849429132711 45.429970602691206, 12.325666535842783 45.429732800158625)"
"2020","LINESTRING (12.333005041669644 45.43328275409379, 12.332911289574831 45.43356772873252)"
"2021","LINESTRING (12.33203588633156 45.43358884614572, 12.33185773490274 45.43383022151399)"
"2022","LINESTRING (12.32442527920564 45.436107815049844, 12.324297013246595 45.4358366179928)"
"2023","LINESTRING (12.32935814932713 45.44519862200014, 12.329649942349993 45.445128931026495)"
"2024","LINESTRING (12.330105526460693 45.4452845648331, 12.330256055339566 45.445544066387285)"
"2025","LINESTRING (12.330089638742384 45.44585556812604, 12.329799513295997 45.44593190439107)"
"2026","LINESTRING (12.329645100081423 45.44626015601524, 12.32979740180525 45.44651862107075)"
"2027","LINESTRING (12.3303051410977 45.44729300684313, 12.330475040202412 45.44754026034507)"
"2028","LINESTRING (12.330887755638692 45.44647074049851, 12.331173925140973 45.446380701529364)"
"2029","LINESTRING (12.331906312912563 45.4458910964028, 12.331684686079791 45.4456889045459)"
"2030","LINESTRING (12.331077337123004 45.4455986892015, 12.330786901905066 45.44567383828122)"
"2031","LINESTRING (12.332272742272687 45.445139757266155, 12.33254673301038 45.44501757266951)"
"2032","LINESTRING (12.333595225135202 45.44485932315131, 12.333830024395585 45.44504605640311)"
"2033","LINESTRING (12.333236287898714 45.44560500632627, 12.33296048534136 45.445723044241184)"
"2034","LINESTRING (12.334069504209905 45.445249173956505, 12.334337090124743 45.44511353554683)"
"2035","LINESTRING (12.335759735824272 45.443987037444174, 12.335530892820554 45.4437930506414)"
"2036","LINESTRING (12.334422467476811 45.44402788586906, 12.334163891957873 45.44417999997428)"
"2037","LINESTRING (12.335177315367625 45.44348523871098, 12.334962627587428 45.443275693591644)"
"2038","LINESTRING (12.334755622632587 45.44316102679425, 12.33447418816426 45.44305712953713)"
"2039","LINESTRING (12.33346896524169 45.443563059718535, 12.333217335823548 45.44372640792307)"
"2040","LINESTRING (12.331483920766534 45.44456287791045, 12.33119803124756 45.44465380196085)"
"2041","LINESTRING (12.330290294583362 45.444943317872436, 12.33000635822014 45.44504016900377)"
"2042","LINESTRING (12.330235078256962 45.444660969849856, 12.330139541835297 45.444376588429684)"
"2043","LINESTRING (12.332304519478116 45.44422244815848, 12.332114560175812 45.44399025112261)"
"2044","LINESTRING (12.331983429096221 45.443850867041384, 12.331766968307909 45.44364315395291)"
"2045","LINESTRING (12.333969661855914 45.44288938131631, 12.334255568063956 45.44298025287514)"
"2046","LINESTRING (12.33310879074467 45.443321230077004, 12.33284921776389 45.44347163575392)"
"2047","LINESTRING (12.33467572719009 45.442939379809765, 12.334486242568103 45.44270679524873)"
"2048","LINESTRING (12.336749721794105 45.442299847478374, 12.336456136935452 45.44236155591191)"
"2049","LINESTRING (12.336032161180785 45.4424910050455, 12.335748561643317 45.44258883807851)"
"2050","LINESTRING (12.335642704199328 45.44286854926139, 12.335864311026869 45.443070763044275)"
"2051","LINESTRING (12.335789867007135 45.44334538631997, 12.33550818274506 45.44344860442157)"
"2052","LINESTRING (12.336497534588096 45.44311451687051, 12.336784742680281 45.443027847892296)"
"2053","LINESTRING (12.337123127058565 45.44271506739092, 12.336975877229357 45.44245369124856)"
"2054","LINESTRING (12.33806920095866 45.442684436024365, 12.33836028174326 45.44261182764443)"
"2055","LINESTRING (12.339408250096518 45.44283823402997, 12.33953478581904 45.44311024268962)"
"2056","LINESTRING (12.33917095619601 45.4423076735912, 12.339068502173507 45.44202571052044)"
"2057","LINESTRING (12.337806328901634 45.44212635525215, 12.338102651053886 45.44207952383017)"
"2058","LINESTRING (12.340495699542819 45.43855547386379, 12.340202944857404 45.43862100777994)"
"2059","LINESTRING (12.340089302306524 45.4386458194729, 12.33979816878108 45.43871821609135)"
"2060","LINESTRING (12.33984109950257 45.438988056699706, 12.339860233918118 45.43928744586808)"
"2061","LINESTRING (12.34067525617141 45.43851764415842, 12.340971222629461 45.438468615027205)"
"2062","LINESTRING (12.341465795298108 45.43841243373882, 12.34176403093859 45.438379945237074)"
"2063","LINESTRING (12.342308064233354 45.4382748484884, 12.342563301825987 45.43811719769929)"
"2064","LINESTRING (12.342593782573902 45.43783976570938, 12.342515913008524 45.4375500480351)"
"2065","LINESTRING (12.34172212887442 45.43694779899361, 12.341455770052416 45.43680976646868)"
"2066","LINESTRING (12.339987656847704 45.4375516333015, 12.339727869573558 45.437701668538004)"
"2067","LINESTRING (12.33979966450326 45.438060204064556, 12.339922003207207 45.438334126027016)"
"2068","LINESTRING (12.340428623501943 45.43788059191666, 12.340641108267576 45.43809237063224)"
"2069","LINESTRING (12.340257967186027 45.436061382567615, 12.340492963619067 45.436247867624544)"
"2070","LINESTRING (12.342905843220956 45.435540789574134, 12.343199220528204 45.43560347733683)"
"2071","LINESTRING (12.343361994922478 45.437797389481176, 12.343643097078587 45.437692596457396)"
"2072","LINESTRING (12.344382974521492 45.43752296571053, 12.344477207244262 45.43780778178093)"
"2073","LINESTRING (12.343510673746836 45.43808884074648, 12.343215782077193 45.4381439669941)"
"2074","LINESTRING (12.337024479245603 45.435671336892646, 12.337300844467617 45.43578805134789)"
"2075","LINESTRING (12.337519138232105 45.43603067969425, 12.337734068020152 45.43623997657958)"
"2076","LINESTRING (12.337325091346862 45.43573360754061, 12.337603722082232 45.43562240990886)"
"2077","LINESTRING (12.336217829771151 45.43511486967121, 12.335986284181917 45.434924116846574)"
"2078","LINESTRING (12.334207489609236 45.43473881337931, 12.334449804424198 45.43456194187101)"
"2079","LINESTRING (12.333102957608416 45.43322471735077, 12.333396044269636 45.43316068447628)"
"2080","LINESTRING (12.337548414291577 45.432606775628805, 12.337437211301724 45.43288540422578)"
"2081","LINESTRING (12.337999420003488 45.433184848330185, 12.338291443531734 45.43325356702452)"
"2082","LINESTRING (12.338954355839126 45.433303911447545, 12.339068745705065 45.43302657598539)"
"2083","LINESTRING (12.344357930125073 45.43671567304085, 12.344360552925847 45.436415684506215)"
"2084","LINESTRING (12.34438131243944 45.43490757138425, 12.344386791304698 45.43460762141836)"
"2085","LINESTRING (12.343991274017643 45.43567632832899, 12.34369202357668 45.43565513461335)"
"2086","LINESTRING (12.344961209495766 45.437883090463586, 12.34526093944102 45.437870364116165)"
"2087","LINESTRING (12.348630395874896 45.434857360965125, 12.34892985827911 45.43487531280239)"
"2088","LINESTRING (12.34942209268336 45.43484647334971, 12.349721484701364 45.43482738357349)"
"2089","LINESTRING (12.350267291513298 45.435006140149305, 12.350367680020884 45.43528884520328)"
"2090","LINESTRING (12.350781259578445 45.435417030617735, 12.35107313449513 45.435347683425924)"
"2091","LINESTRING (12.345906297687446 45.43872303915071, 12.34597101725225 45.43901597494219)"
"2092","LINESTRING (12.355887020959608 45.43294140029493, 12.355906880512114 45.432642058353046)"
"2093","LINESTRING (12.355879054881592 45.43249984031708, 12.355579399170951 45.432485471772296)"
"2094","LINESTRING (12.35646495579784 45.43253543266891, 12.356764387965768 45.43255388197266)"
"2095","LINESTRING (12.357740240479345 45.43268370900423, 12.358032935224056 45.43274951011683)"
"2096","LINESTRING (12.357072665227877 45.43520515621288, 12.356787016969568 45.4352968353955)"
"2097","LINESTRING (12.357674934991849 45.434972215593724, 12.357951168394877 45.43485518949813)"
"2098","LINESTRING (12.358388637979257 45.433918262427355, 12.358408559194537 45.4336189245828)"
"2099","LINESTRING (12.358698357766126 45.432558926878365, 12.358890173456022 45.43232826101373)"
"2100","LINESTRING (12.36017918050832 45.432481547463276, 12.360455906584844 45.4325974037474)"
"2101","LINESTRING (12.358811601174418 45.435081608537196, 12.35904336297355 45.43527209861164)"
"3015","LINESTRING (12.354714301079913 45.46106507674805, 12.354810911827318 45.46134909499303)"
"3016","LINESTRING (12.356152164753425 45.45480368984845, 12.356163471767097 45.454503903005104)"
"3017","LINESTRING (12.415015311817925 45.48506319338425, 12.415227913519132 45.48527485470959)"
"3018","LINESTRING (12.368032110940206 45.413678288370924, 12.367734144874632 45.41371316277081)"
"3019","LINESTRING (12.366930003724645 45.41232103480525, 12.36663723417521 45.41238650228515)"
"3020","LINESTRING (12.365349376295267 45.408152334039244, 12.365052836338407 45.408197765900155)"
"3021","LINESTRING (12.339280240236752 45.37500212976826, 12.339533073482935 45.37484065113307)"
"3022","LINESTRING (12.341233552390513 45.37371844812362, 12.341478288089817 45.37354494181974)"
"3023","LINESTRING (12.337224073131592 45.370873295179265, 12.33692466857442 45.370892187271394)"
"3024","LINESTRING (12.33758260083101 45.37053569961054, 12.337684321454983 45.37025347113101)"
"3025","LINESTRING (12.338362877434907 45.370092595996425, 12.338651233611962 45.37017536504351)"
"3026","LINESTRING (12.339678600543765 45.370437986033195, 12.339971738803817 45.37050178227521)"
"3027","LINESTRING (12.341137152899014 45.371763219478524, 12.341292199749889 45.37202004719127)"
"3028","LINESTRING (12.316463512309788 45.34743325038532, 12.316547896077104 45.347145362595)"
"3029","LINESTRING (12.325053720893859 45.42386596237659, 12.325268125802321 45.42407579691909)"
"3030","LINESTRING (12.325739048004456 45.42454374973377, 12.325950371453041 45.42475668728349)"
"3031","LINESTRING (12.326464501237945 45.42552295077554, 12.326602687117903 45.425789230069846)"
"3032","LINESTRING (12.325220154160716 45.424338523358195, 12.32492340513244 45.42438256895068)"
"3033","LINESTRING (12.327183896053121 45.42486694211069, 12.327481111366083 45.42482616150574)"
"2102","LINESTRING (12.321713778559753 45.43682719576271, 12.321999639121033 45.436736180711726)"
"2103","LINESTRING (12.323261330228158 45.43595254074503, 12.323280446737881 45.435653150432806)"
"2104","LINESTRING (12.322474606817758 45.435621930808125, 12.32217896902356 45.43567290427809)"
"2105","LINESTRING (12.32102074096842 45.43597618665058, 12.320749843986876 45.43610508515869)"
"2106","LINESTRING (12.319313355438403 45.43584039472198, 12.319019752891077 45.4357787705043)"
"2107","LINESTRING (12.31808957487998 45.43546468254736, 12.318196297391466 45.435184307253266)"
"2108","LINESTRING (12.317321183905907 45.434706325271016, 12.317504159648596 45.43446858617539)"
"2109","LINESTRING (12.318651213534098 45.43449678171402, 12.318945988287487 45.434552529761206)"
"2110","LINESTRING (12.317006027631233 45.43318049232923, 12.31672434164128 45.43307727894316)"
"2111","LINESTRING (12.316159710367964 45.43288476879534, 12.31587527625553 45.43278938936526)"
"2112","LINESTRING (12.315471929296763 45.43243675097837, 12.315558099459807 45.43214939283423)"
"2113","LINESTRING (12.317611430000381 45.43252033366612, 12.317910468952407 45.43254432752305)"
"2114","LINESTRING (12.318935010158912 45.4327298374935, 12.319217429261704 45.43283102766287)"
"2115","LINESTRING (12.319963756831642 45.43256756782859, 12.320169822286084 45.43234953794879)"
"2116","LINESTRING (12.320530655689423 45.4315310945443, 12.320520721185007 45.43123125908005)"
"2117","LINESTRING (12.321784241130324 45.432456069297515, 12.321860010555518 45.432165795299014)"
"2118","LINESTRING (12.32193555056819 45.43174524820074, 12.32192497053646 45.431445434820574)"
"2119","LINESTRING (12.322640418616023 45.431180325972434, 12.322934139212697 45.431119266893745)"
"2120","LINESTRING (12.324366247331591 45.4309284010787, 12.324522523302354 45.43118448274724)"
"2121","LINESTRING (12.324650794766313 45.43147840646923, 12.324678383651694 45.431777135198026)"
"2122","LINESTRING (12.322091796930984 45.43283233340112, 12.32238684257846 45.43288662949587)"
"2123","LINESTRING (12.32182513535812 45.433986379418, 12.322104368340066 45.43409605595056)"
"2124","LINESTRING (12.323052556223914 45.43480612708141, 12.323152645381896 45.435088938255966)"
"2125","LINESTRING (12.32479871070144 45.435172027985395, 12.325076962385712 45.43505988521836)"
"2126","LINESTRING (12.325426296573266 45.43619349319575, 12.32570762466796 45.436089308248974)"
"2127","LINESTRING (12.332942514765326 45.43372371215839, 12.333048961576312 45.434004192240444)"
"2128","LINESTRING (12.33350657853893 45.43436421289214, 12.333765065516502 45.43451647740681)"
"2129","LINESTRING (12.332478382869999 45.4334971490127, 12.332181212104837 45.433538252982494)"
"2130","LINESTRING (12.33204746452018 45.43350839488542, 12.331963890468689 45.43322027099208)"
"2131","LINESTRING (12.332039583694327 45.433157557094205, 12.332334740527825 45.4331038687003)"
"2132","LINESTRING (12.331759957668057 45.43381236032924, 12.331515650132657 45.433638251661606)"
"2133","LINESTRING (12.333009919630422 45.433242435219746, 12.332711503440398 45.433211649224056)"
"2134","LINESTRING (12.336234843736289 45.435070065739396, 12.336185576953351 45.43536599273055)"
"2135","LINESTRING (12.336498762748098 45.43544510506479, 12.336774405700021 45.43556351521238)"
"2136","LINESTRING (12.338289960942461 45.43471685633075, 12.338185930006027 45.43499824141256)"
"2137","LINESTRING (12.338204908982094 45.435021006376175, 12.33835027105212 45.43528343706912)"
"2138","LINESTRING (12.338163561030173 45.43539559855227, 12.337885609158215 45.43550848237252)"
"2139","LINESTRING (12.338206918861308 45.43650233885196, 12.338506878479153 45.436497416691545)"
"2140","LINESTRING (12.338792136028749 45.436468350670516, 12.339079276380746 45.43638145752778)"
"2141","LINESTRING (12.339355102422436 45.436159147868594, 12.339563976513174 45.435943807175235)"
"2142","LINESTRING (12.339756891971987 45.43574838686006, 12.34002704327657 45.435878840961685)"
"2143","LINESTRING (12.340848397892653 45.436285399110574, 12.341046732094338 45.43606031347255)"
"2144","LINESTRING (12.341205232703546 45.43592410013816, 12.34149677530356 45.435994831406894)"
"2145","LINESTRING (12.34201859116147 45.43581317934249, 12.342298434512397 45.435705069680836)"
"2146","LINESTRING (12.342695470581234 45.43545011721773, 12.342450263722167 45.435277277418294)"
"2147","LINESTRING (12.342406005603042 45.435214371130535, 12.342106464483994 45.43519778444918)"
"2148","LINESTRING (12.342228120881396 45.434577963022726, 12.34226298257274 45.43427999547)"
"2149","LINESTRING (12.338509392489158 45.43426121134043, 12.338639193458356 45.43399074561543)"
"2150","LINESTRING (12.343317200978262 45.435686409946136, 12.343320767269404 45.435986388748)"
"2151","LINESTRING (12.342972696431016 45.436561863693974, 12.342805060854612 45.43681065741078)"
"2152","LINESTRING (12.340662519473007 45.436612196970195, 12.340570306390745 45.43689767332203)"
"2153","LINESTRING (12.340393324046103 45.43719253208268, 12.34017578296075 45.437399113485974)"
"2154","LINESTRING (12.339700959645475 45.437791893045926, 12.339503794319539 45.437565782820045)"
"2155","LINESTRING (12.339307568602873 45.437668170688035, 12.339014580435258 45.437732652729245)"
"2156","LINESTRING (12.338757569220617 45.43773059955902, 12.33884875277486 45.4380164064159)"
"2157","LINESTRING (12.337710641795617 45.4375565659343, 12.337649530248079 45.437262856249816)"
"2158","LINESTRING (12.337635133301447 45.43667468861829, 12.337908215804362 45.43655048738399)"
"2159","LINESTRING (12.349875516360058 45.4387300137888, 12.349710812774553 45.43847926943907)"
"2160","LINESTRING (12.34983291064009 45.43828175996296, 12.35012142206058 45.43819953368828)"
"2161","LINESTRING (12.346727720556224 45.437775221426946, 12.34702688329282 45.43775282372543)"
"2162","LINESTRING (12.348558292693326 45.43749779638595, 12.348841784638743 45.43739965201838)"
"2163","LINESTRING (12.356243436848223 45.43540670288731, 12.355945702433354 45.43544350259115)"
"2164","LINESTRING (12.355731949262639 45.43443203110141, 12.355764147445944 45.434133763977854)"
"2165","LINESTRING (12.354666249176365 45.433150600881625, 12.354366731285896 45.43316760186067)"
"2166","LINESTRING (12.3570412732578 45.43470334748481, 12.356892168912978 45.43444302481127)"
"2167","LINESTRING (12.356688539683876 45.43375503065444, 12.3567394721716 45.433459385797065)"
"2168","LINESTRING (12.356868649779802 45.43313982825414, 12.35710851235125 45.43295964516166)"
"2169","LINESTRING (12.357199146927083 45.432881533752116, 12.357307655786897 45.43260184494765)"
"2170","LINESTRING (12.34955682035493 45.43714581045786, 12.34983743623231 45.43703972214859)"
"2171","LINESTRING (12.34954080171321 45.43617167844788, 12.349382148957972 45.43591706245613)"
"2172","LINESTRING (12.348882310590527 45.435145559008504, 12.348955963929496 45.434854740876915)"
"2173","LINESTRING (12.348266837720809 45.43653562350797, 12.34852100341025 45.436694996662276)"
"2174","LINESTRING (12.34864897105518 45.43463845760164, 12.348702087693024 45.434343197338855)"
"2175","LINESTRING (12.348448819219808 45.43382468756587, 12.348239716625365 45.433609568749866)"
"2176","LINESTRING (12.345803329647362 45.43649491840936, 12.345874201976946 45.43678642675041)"
"2177","LINESTRING (12.345857360817357 45.437282972655176, 12.345783804038723 45.437573815224816)"
"2178","LINESTRING (12.33839977762459 45.44055497230636, 12.338593359404426 45.44078415802693)"
"2179","LINESTRING (12.33954308405299 45.439858730314896, 12.339682154041691 45.439592911695826)"
"2180","LINESTRING (12.33962729000731 45.43963816859394, 12.33991482120371 45.43955257764174)"
"2181","LINESTRING (12.359191630069184 45.4284357809475, 12.35910973131606 45.428147176383725)"
"2182","LINESTRING (12.354551807593754 45.43006960830019, 12.354802908650765 45.430233767549595)"
"2183","LINESTRING (12.355126452444694 45.43027479366073, 12.355424196200897 45.43031151770792)"
"2184","LINESTRING (12.32292528341099 45.43758052758281, 12.323134680869286 45.43736569577777)"
"3034","LINESTRING (12.348304389586403 45.46068734725799, 12.348603487177765 45.460710598727644)"
"3035","LINESTRING (12.351792700002461 45.460676321745375, 12.352075549440771 45.46057634077095)"
"3036","LINESTRING (12.353496337865256 45.46045611217248, 12.353793234230988 45.46049915340869)"
"3037","LINESTRING (12.35474368011624 45.460429403668655, 12.354957688195295 45.46021916441899)"
"3038","LINESTRING (12.355260613251096 45.45965550248389, 12.35534955369255 45.45936898966067)"
"3039","LINESTRING (12.356303568352269 45.45869554377194, 12.35658690316002 45.458596946679094)"
"3040","LINESTRING (12.357545271180133 45.45815851417235, 12.35773734601602 45.457928064053185)"
"3041","LINESTRING (12.35837256579731 45.45784860354214, 12.358669928960303 45.45788829169269)"
"3042","LINESTRING (12.359633100980341 45.45874905195814, 12.35978152779695 45.45900976152856)"
"3043","LINESTRING (12.349148374054218 45.457692755483684, 12.349446360993083 45.45772745107801)"
"3044","LINESTRING (12.347426565790363 45.45480025416677, 12.347702061246098 45.45491900707776)"
"3045","LINESTRING (12.348467355229088 45.456293061309594, 12.348443234499692 45.45659209005473)"
"3046","LINESTRING (12.356653271667929 45.45618392003054, 12.356897075089227 45.45635873390803)"
"3047","LINESTRING (12.357591158413566 45.457123823962654, 12.357705049402053 45.45740136466731)"
"3048","LINESTRING (12.415604865657116 45.4856902820841, 12.415796234696806 45.485921318641054)"
"3049","LINESTRING (12.416402171468386 45.48610049981885, 12.41670005321105 45.48606491235777)"
"3050","LINESTRING (12.417570321578491 45.48595433106649, 12.41779485448453 45.486153290796345)"
"3051","LINESTRING (12.417905346592335 45.486668539005166, 12.417868671806673 45.4869662888332)"
"3052","LINESTRING (12.420118466281144 45.484670329829626, 12.419854744588408 45.48452732329558)"
"3053","LINESTRING (12.419489212541672 45.48414243149335, 12.419708391017933 45.483937588149445)"
"3054","LINESTRING (12.405266801302966 45.48409712550391, 12.405534890412588 45.48423176661687)"
"3055","LINESTRING (12.368279037362573 45.41188635526876, 12.368224179095321 45.411591413629594)"
"3056","LINESTRING (12.368542938332245 45.41100793835887, 12.368723168624056 45.4107681112505)"
"3057","LINESTRING (12.369041737309429 45.41013919722971, 12.369000642687142 45.40984202517177)"
"3058","LINESTRING (12.36816506047523 45.40887822113308, 12.367950169475526 45.408668884422866)"
"3059","LINESTRING (12.366574359195175 45.40701545069053, 12.366410174116266 45.40676436652165)"
"3060","LINESTRING (12.365817807815047 45.405325488003484, 12.365803143169119 45.405025846637585)"
"3061","LINESTRING (12.36407124168395 45.4051455615987, 12.363793511913622 45.405258990760174)"
"3062","LINESTRING (12.368477267798815 45.41580237428617, 12.368770037092803 45.415736905663934)"
"3063","LINESTRING (12.369964685486122 45.414609045795196, 12.369947136203836 45.41430955953059)"
"3064","LINESTRING (12.369750836080799 45.41315230428942, 12.369621852255476 45.41288144792009)"
"3065","LINESTRING (12.369024431081556 45.41235853522056, 12.368753694879757 45.412229299354664)"
"3066","LINESTRING (12.376886266392326 45.42107229954465, 12.377066903799658 45.420832778925345)"
"3067","LINESTRING (12.37664422841449 45.418595106084986, 12.376448822515352 45.418367473629964)"
"3068","LINESTRING (12.373907442070989 45.41779106339299, 12.373640879246613 45.41792870154416)"
"3069","LINESTRING (12.338440005949813 45.3730772829868, 12.338739990437567 45.37307423223169)"
"3070","LINESTRING (12.34062296323976 45.3729182200999, 12.340770126122393 45.372656794994036)"
"3071","LINESTRING (12.34066340854811 45.3721716413522, 12.340522903604846 45.371906578414546)"
"3072","LINESTRING (12.339048289713945 45.371244107378445, 12.338756845800182 45.3711729705727)"
"3073","LINESTRING (12.342098832062657 45.373240646757694, 12.342359649328966 45.373388884248214)"
"3074","LINESTRING (12.34273546056066 45.373359685560075, 12.343020166179267 45.373265119653254)"
"3075","LINESTRING (12.343317475430654 45.3731311012174, 12.34347606868941 45.37287644816269)"
"3076","LINESTRING (12.342801113077448 45.371598636682194, 12.342652609776048 45.37133797067085)"
"3077","LINESTRING (12.341773430578682 45.37006621539769, 12.341480288420884 45.37000243706813)"
"3078","LINESTRING (12.341110316977323 45.37000713844769, 12.34081750022719 45.370072394488346)"
"3079","LINESTRING (12.340584198762784 45.370219224144876, 12.340476576172794 45.37049925517552)"
"3080","LINESTRING (12.338145367416162 45.36866608212005, 12.338224272456289 45.368376644744025)"
"3081","LINESTRING (12.339308533443669 45.370052346418916, 12.339403485153417 45.36976776923639)"
"3082","LINESTRING (12.339978830833934 45.37807205119832, 12.340251852622918 45.377947716558175)"
"3083","LINESTRING (12.339766779966363 45.377117264028634, 12.34002942139932 45.37697228307233)"
"3084","LINESTRING (12.346629171754032 45.38527828891394, 12.346910796519015 45.38517490858821)"
"3085","LINESTRING (12.348866564063837 45.38805288788188, 12.349143661730562 45.38793792317818)"
"3086","LINESTRING (12.352049107523303 45.39153688971518, 12.352343781825507 45.39148061311594)"
"3087","LINESTRING (12.356290465610419 45.39617627173632, 12.356578117602615 45.39609108763344)"
"3088","LINESTRING (12.358074579822544 45.39558551756932, 12.357902858160665 45.39533952636858)"
"3089","LINESTRING (12.359108459677527 45.4015039942788, 12.359378324169375 45.40137294788991)"
"3090","LINESTRING (12.360717310617163 45.40368714512347, 12.36100091621073 45.403589329647716)"
"3091","LINESTRING (12.315884746486457 45.34543942407542, 12.315687592554337 45.345213303914775)"
"3092","LINESTRING (12.314993309328221 45.34414204682098, 12.315270571219125 45.34402747874579)"
"3093","LINESTRING (12.318256099860497 45.34585449132548, 12.318535719575875 45.34574580455181)"
"3094","LINESTRING (12.319808284862422 45.34497466908749, 12.31957660401272 45.34478408056768)"
"3095","LINESTRING (12.380260682935997 45.42714262647831, 12.380539482066524 45.4270318517302)"
"2185","LINESTRING (12.314968257889138 45.43741023654326, 12.315111751736605 45.437146779685804)"
"2186","LINESTRING (12.315606290630743 45.43685148976715, 12.31589326568167 45.43693892728854)"
"2187","LINESTRING (12.315458289622983 45.43659078830667, 12.315645212605455 45.43635614006222)"
"2188","LINESTRING (12.315840419879411 45.43607740415732, 12.315983292323427 45.43581360979661)"
"2189","LINESTRING (12.316131544463607 45.43534487009113, 12.316204590624581 45.43505389885824)"
"2190","LINESTRING (12.316707981720935 45.43638701987066, 12.31700091018389 45.436451772597174)"
"2191","LINESTRING (12.318808949128593 45.43684073087058, 12.319102608472805 45.436902083862)"
"2192","LINESTRING (12.319705486098918 45.43713587817469, 12.319409996207604 45.43718770214725)"
"2193","LINESTRING (12.319932889867632 45.437547169532465, 12.319898462637044 45.43784518759533)"
"2194","LINESTRING (12.319833325445666 45.438431856063, 12.319805061444937 45.43873052167243)"
"2195","LINESTRING (12.319137459277528 45.4394032465334, 12.318907023138593 45.43959533814143)"
"2196","LINESTRING (12.317813346034006 45.4399841076946, 12.317531101545876 45.43988243149818)"
"2197","LINESTRING (12.316526699143079 45.4393008258902, 12.31628650053388 45.43912109100728)"
"2198","LINESTRING (12.315349203029411 45.438347859240984, 12.31513083879859 45.43814214812631)"
"2199","LINESTRING (12.317793222933556 45.440688771483266, 12.317600570122949 45.44091873864302)"
"2200","LINESTRING (12.316176966075316 45.44179961886819, 12.315893452781667 45.44189770154925)"
"2201","LINESTRING (12.3201126536236 45.43904226660189, 12.32037207404904 45.439192935254454)"
"2202","LINESTRING (12.323337456245875 45.44108591537411, 12.323559494914155 45.440884175864376)"
"2203","LINESTRING (12.324208026878217 45.44026794552854, 12.324422995223138 45.44005868824508)"
"2204","LINESTRING (12.325346753460439 45.43935043638282, 12.325604314501001 45.439196610798525)"
"2205","LINESTRING (12.325966131903678 45.43877379860975, 12.325734212335865 45.43858350064847)"
"2206","LINESTRING (12.324769656867126 45.438646954829096, 12.324476888031317 45.43871242550023)"
"2207","LINESTRING (12.323486299643534 45.4387474754808, 12.323259015183233 45.43855166492413)"
"2208","LINESTRING (12.323018260327627 45.43816675082408, 12.32293445293199 45.43787869471768)"
"2209","LINESTRING (12.320687922720143 45.437047933469636, 12.320388378513737 45.43706446430168)"
"2210","LINESTRING (12.320048179799777 45.43694921688725, 12.320171686704178 45.436675819658724)"
"2211","LINESTRING (12.321136932029452 45.43729404456995, 12.321188393614202 45.437589597789014)"
"2212","LINESTRING (12.321258195092799 45.43786938636515, 12.321526825819134 45.438002943592096)"
"2213","LINESTRING (12.321464246795026 45.43822978149738, 12.321353368177279 45.43850853933517)"
"2214","LINESTRING (12.321078753856968 45.438938604667385, 12.320880557899885 45.43916381204426)"
"2215","LINESTRING (12.320239815123596 45.43652901116655, 12.32040240564546 45.43627689150805)"
"2216","LINESTRING (12.322621428420046 45.43655612647967, 12.322650117567424 45.43625750140902)"
"2217","LINESTRING (12.322803872274523 45.43623687210571, 12.323094813897224 45.43616370809694)"
"2218","LINESTRING (12.316375219289183 45.43452422677875, 12.316504525018717 45.434253523937414)"
"2219","LINESTRING (12.316768544315075 45.4337810799025, 12.316923436209997 45.43352415870663)"
"2220","LINESTRING (12.324015738624402 45.43226593610437, 12.324311225894911 45.43231777501801)"
"2221","LINESTRING (12.324543327456167 45.43225403602198, 12.324650176226344 45.43197370881975)"
"2222","LINESTRING (12.324700166985592 45.43240887593668, 12.324988047306038 45.4324932851844)"
"2223","LINESTRING (12.325292105872041 45.43242758418211, 12.32549232423709 45.43220417288808)"
"2224","LINESTRING (12.325813273996909 45.432145762198985, 12.326100281118306 45.432233094393894)"
"2225","LINESTRING (12.326639576929708 45.43229443711591, 12.326939565408555 45.432291807941475)"
"2226","LINESTRING (12.327343698135273 45.432308705294616, 12.327634004264496 45.432384351519474)"
"2227","LINESTRING (12.327037736270974 45.431891510089514, 12.326887430773809 45.43163187908689)"
"2228","LINESTRING (12.326369404411315 45.430776532787995, 12.326209708122446 45.43052257000466)"
"2229","LINESTRING (12.325746500247918 45.43268181897483, 12.326038659947931 45.43274995640719)"
"2230","LINESTRING (12.326834809206511 45.43291839877681, 12.327131092857718 45.432965473165034)"
"2231","LINESTRING (12.3252773699265 45.4332607959592, 12.325575816099988 45.4332912899181)"
"2232","LINESTRING (12.326735967271652 45.433403226595566, 12.327034974443727 45.43342761329372)"
"2233","LINESTRING (12.326375465617922 45.434745031797426, 12.326674872010699 45.434726168818734)"
"2234","LINESTRING (12.327313450773024 45.43422041484419, 12.32732977410142 45.43392085925845)"
"2235","LINESTRING (12.327392550589076 45.43475256927707, 12.327647298174854 45.43491101064648)"
"2236","LINESTRING (12.327986998462338 45.43506602456427, 12.328267183341223 45.435173245987706)"
"2237","LINESTRING (12.328903950820239 45.435387749121446, 12.329190495075752 45.435476588243645)"
"2238","LINESTRING (12.329695702402889 45.43547132274225, 12.329882845900178 45.43523685033146)"
"2239","LINESTRING (12.330016484043082 45.43505296134805, 12.330162152407066 45.43479070054707)"
"2240","LINESTRING (12.330400702319388 45.4347775537111, 12.330695075762023 45.43483538342899)"
"2241","LINESTRING (12.330979217710073 45.43478401605467, 12.331169346118578 45.434551957466645)"
"2242","LINESTRING (12.33133874918227 45.43451265926815, 12.33159987681596 45.43466034934542)"
"2243","LINESTRING (12.33145737009202 45.43495280505255, 12.33124665269264 45.43516634235046)"
"2244","LINESTRING (12.331831885069953 45.43517669337819, 12.331604815826509 45.435372753467654)"
"2245","LINESTRING (12.327947829321046 45.432480470103066, 12.328233485307168 45.43257212520435)"
"2246","LINESTRING (12.328917359864617 45.43289813924804, 12.329179125383147 45.433044695767194)"
"2247","LINESTRING (12.329660103272122 45.43327711284606, 12.329929250142811 45.433144598839256)"
"2248","LINESTRING (12.32963525848592 45.43277661722811, 12.329430001606065 45.432557825973085)"
"2249","LINESTRING (12.329016129289045 45.432110521026836, 12.328818134999178 45.431885136330855)"
"2250","LINESTRING (12.328706296396819 45.43179986811245, 12.328429584689113 45.43191575871094)"
"2251","LINESTRING (12.328179775290286 45.43208051597793, 12.32793270135686 45.432250676112574)"
"2252","LINESTRING (12.327611676698268 45.43257346326102, 12.32746116265536 45.43283297342053)"
"2253","LINESTRING (12.327361653028984 45.433078043856064, 12.327356523715245 45.433378000003096)"
"2254","LINESTRING (12.328366469755087 45.431886371783996, 12.328167337362368 45.43166199199397)"
"2255","LINESTRING (12.32903206270482 45.43163429035357, 12.328765501152303 45.431771930967926)"
"2256","LINESTRING (12.329050410925662 45.431594066957665, 12.328898480590896 45.431335383418606)"
"2257","LINESTRING (12.329191037174352 45.43158079275048, 12.329479101934316 45.4314970151039)"
"2258","LINESTRING (12.329831670138264 45.43141382607214, 12.33012555015027 45.43135353893799)"
"2259","LINESTRING (12.33026982321615 45.43118080755051, 12.330107226069037 45.43092869216472)"
"2260","LINESTRING (12.329589306010018 45.430187104685416, 12.329415730389023 45.4299424181435)"
"2261","LINESTRING (12.330437650641528 45.4314768648328, 12.33057367503784 45.43174425474213)"
"2262","LINESTRING (12.330987860640066 45.432614315367026, 12.331115052535187 45.432886017817914)"
"2263","LINESTRING (12.32990901918544 45.43209747326187, 12.329780157106772 45.43182655894943)"
"2264","LINESTRING (12.331259012583132 45.43034552748936, 12.331559001372518 45.430342933989486)"
"2265","LINESTRING (12.332103301806647 45.43063560430456, 12.332089211084778 45.43093527320779)"
"2266","LINESTRING (12.332069685245367 45.43138203240157, 12.332058563667195 45.43168182618153)"
"2267","LINESTRING (12.332196009249248 45.432315503913195, 12.332280936655433 45.43260323179798)"
"2268","LINESTRING (12.332607295215533 45.4326896505662, 12.332552895185456 45.43239462406447)"
"2269","LINESTRING (12.332469990816035 45.43171830474228, 12.332495407713035 45.43141938337913)"
"2270","LINESTRING (12.332441517954413 45.43125935689573, 12.33214230508709 45.43123763916035)"
"2271","LINESTRING (12.331363146222369 45.431263522145315, 12.33106342559184 45.431276466010075)"
"2272","LINESTRING (12.332539567226313 45.43107422775004, 12.332587825681408 45.43077813465401)"
"2273","LINESTRING (12.33268000940307 45.429958975747375, 12.33270906206372 45.42966038582305)"
"2274","LINESTRING (12.332798206249624 45.428918161217275, 12.332870145175153 45.42862691425851)"
"2275","LINESTRING (12.330279547115929 45.42962711880708, 12.330128575949324 45.42936787431466)"
"2276","LINESTRING (12.328934534957979 45.42923614502242, 12.328802138823937 45.428966940149344)"
"2277","LINESTRING (12.334807844814243 45.42948470265403, 12.334643844541429 45.429735907571406)"
"2278","LINESTRING (12.33448409235148 45.43015526251907, 12.33438252175211 45.430437545025335)"
"2279","LINESTRING (12.334211418128639 45.43095481983588, 12.334140688275 45.43124636277921)"
"2280","LINESTRING (12.332925406287718 45.43128743558846, 12.333224942251068 45.431304115116646)"
"2281","LINESTRING (12.333726429852218 45.43133586703856, 12.334024915040155 45.43136597671447)"
"2282","LINESTRING (12.334957694216785 45.431453312764965, 12.335256407795447 45.43148106520491)"
"2283","LINESTRING (12.336338143238816 45.431559061564364, 12.33663814149152 45.43155803766239)"
"2284","LINESTRING (12.333626369742394 45.431448163090174, 12.333588496309655 45.43174576282656)"
"2285","LINESTRING (12.336028126991392 45.431784631905785, 12.33593160678212 45.432068680931835)"
"2286","LINESTRING (12.333537852789304 45.432354755389866, 12.33351623650127 45.432653975603245)"
"2287","LINESTRING (12.33409570934469 45.43334796886793, 12.334380185472744 45.43344322291019)"
"2288","LINESTRING (12.334965492535483 45.43368998126368, 12.335140662971012 45.433446433899675)"
"2289","LINESTRING (12.335100547437944 45.43348835204544, 12.335399245091311 45.433460428724125)"
"2290","LINESTRING (12.335566239648447 45.43301673364018, 12.335677549627462 45.43273814776729)"
"2291","LINESTRING (12.334812014011149 45.433965086972805, 12.334661735303033 45.43422473348228)"
"2292","LINESTRING (12.327013254254826 45.43546401609076, 12.327263558756623 45.43529864482245)"
"2293","LINESTRING (12.32844535072118 45.43549888499743, 12.328374845459889 45.43579048233646)"
"2294","LINESTRING (12.328112529601468 45.43612916131074, 12.327844388265463 45.43626369838342)"
"2295","LINESTRING (12.327681618655905 45.436426386279365, 12.327855859885009 45.436670599289016)"
"2296","LINESTRING (12.327716739933424 45.43685439252078, 12.327469032519938 45.437023629151874)"
"2297","LINESTRING (12.327220893385261 45.43725358963316, 12.327061362094183 45.43750765609526)"
"2298","LINESTRING (12.327523641732746 45.43771961447534, 12.327817774907153 45.43777865408674)"
"2299","LINESTRING (12.328476910752357 45.43777347186793, 12.328705088606657 45.43757870311579)"
"2300","LINESTRING (12.328795918471407 45.4374536455132, 12.328512527559461 45.437355209792926)"
"2301","LINESTRING (12.328923229876644 45.437193185444556, 12.329014653595419 45.436907455320764)"
"2302","LINESTRING (12.329329476465496 45.436477170457245, 12.329576711093164 45.43630724388816)"
"2303","LINESTRING (12.329844750969507 45.43609444626163, 12.33002036910213 45.43585122152708)"
"2304","LINESTRING (12.329688038163672 45.43564064234847, 12.329965401117102 45.43575496553975)"
"2305","LINESTRING (12.330216756091968 45.43582968530337, 12.330509353954756 45.43589591589065)"
"2306","LINESTRING (12.330777065376301 45.43596284214038, 12.3310657497212 45.43604445922811)"
"2307","LINESTRING (12.331707719953751 45.43621453507623, 12.331997984789531 45.43629033959529)"
"2308","LINESTRING (12.332639002542129 45.43631969852029, 12.332853387050244 45.43610984313514)"
"2309","LINESTRING (12.331243355738959 45.43593437858448, 12.331368868585248 45.43566189642833)"
"2310","LINESTRING (12.330920027936951 45.43554312034189, 12.330755146807611 45.4357937479804)"
"2311","LINESTRING (12.331128408760359 45.436212308532575, 12.331025655718948 45.43649416277235)"
"2312","LINESTRING (12.330897115463973 45.437036728516446, 12.330839933117343 45.4373312283963)"
"2313","LINESTRING (12.332403838066764 45.436582316129105, 12.332215574482571 45.436815890149205)"
"2314","LINESTRING (12.331754774804965 45.43732478656219, 12.331548320425545 45.43754244820149)"
"2315","LINESTRING (12.330844842539776 45.43776747393649, 12.331127528986691 45.43786791482822)"
"2316","LINESTRING (12.330007923614103 45.4364215050921, 12.330188699975524 45.43666092085422)"
"2317","LINESTRING (12.33038234652132 45.43715072444996, 12.330368037515816 45.43745038300958)"
"2318","LINESTRING (12.328658423523992 45.43810960804926, 12.328901793414486 45.43828502497091)"
"2319","LINESTRING (12.329355432583766 45.438422398040665, 12.329610738110942 45.43826485729104)"
"2320","LINESTRING (12.329940085412675 45.43802002437566, 12.33016993223668 45.43782722801289)"
"2321","LINESTRING (12.329369495643494 45.43857041039302, 12.32964911063581 45.438679109316986)"
"2322","LINESTRING (12.32996128626193 45.438603441047924, 12.330187498310583 45.43840639255378)"
"2323","LINESTRING (12.330459948917964 45.438122008372915, 12.330644952092529 45.437885843546155)"
"2324","LINESTRING (12.330493425912184 45.438400053676034, 12.330719914019856 45.43859678480494)"
"2325","LINESTRING (12.331186952996513 45.43859335900139, 12.331463558588785 45.43847721535617)"
"2326","LINESTRING (12.331398524188474 45.437993036295815, 12.331665843105801 45.4381292001546)"
"2327","LINESTRING (12.331894468307144 45.43815574999573, 12.331739600124411 45.438412685485645)"
"2328","LINESTRING (12.33179445350579 45.43835290748466, 12.332043385098256 45.43852033825326)"
"2329","LINESTRING (12.332047409361044 45.43852712730791, 12.332339333659371 45.43859626632761)"
"2330","LINESTRING (12.33285717302417 45.43906500019219, 12.333080905514752 45.43926485957439)"
"2331","LINESTRING (12.333746161202484 45.439863427280244, 12.333966454115071 45.44006707165818)"
"2332","LINESTRING (12.333182547733509 45.43666087626494, 12.333465299089893 45.43676113428438)"
"2333","LINESTRING (12.334406697050412 45.43710712418978, 12.334685516078622 45.43721784884606)"
"2334","LINESTRING (12.335480253684386 45.43782898462098, 12.335694664293454 45.43803881333855)"
"2335","LINESTRING (12.336037654076634 45.43883096392307, 12.335890983724148 45.43909266567641)"
"2336","LINESTRING (12.335653317482235 45.43944937197923, 12.335425244288691 45.43964426327813)"
"2337","LINESTRING (12.334868334700085 45.439895762730785, 12.334588965955723 45.44000509298586)"
"2338","LINESTRING (12.33361886683739 45.44047265896829, 12.333358501680657 45.44062168911678)"
"2339","LINESTRING (12.332746428253436 45.44076683275213, 12.332539587692985 45.44054953806156)"
"2340","LINESTRING (12.331742462794468 45.43968244455012, 12.3315401374142 45.43946093960549)"
"2341","LINESTRING (12.332656117460331 45.441012209382784, 12.332389871281286 45.441150459056)"
"2342","LINESTRING (12.332172991035419 45.44126312883255, 12.331953057509319 45.441467161290994)"
"2343","LINESTRING (12.33174499009338 45.44131842941535, 12.331501052082082 45.441143803395974)"
"2344","LINESTRING (12.330434143435923 45.440250871800664, 12.33020738904569 45.44005444765116)"
"2345","LINESTRING (12.329172322103657 45.439163711627174, 12.328941799525987 45.43897172375989)"
"2346","LINESTRING (12.3285676250967 45.43895962464455, 12.328319468282164 45.439128201616285)"
"2347","LINESTRING (12.3281345569067 45.439271744594734, 12.32838237759368 45.439440815311016)"
"2348","LINESTRING (12.327956067378485 45.439179446724324, 12.327688164087439 45.43904443625567)"
"2349","LINESTRING (12.327843516577078 45.43854207547686, 12.328025832592251 45.438303830076876)"
"2350","LINESTRING (12.326967218476476 45.43893446772354, 12.326667563085223 45.43892009251941)"
"2351","LINESTRING (12.327310769003537 45.439240449525876, 12.327129360325303 45.439479386528994)"
"2352","LINESTRING (12.32700194509533 45.44011953386598, 12.327070472846433 45.44041160226094)"
"2353","LINESTRING (12.32717243149778 45.440818973754084, 12.3272769365382 45.441100183100524)"
"2354","LINESTRING (12.328629325669421 45.43998797881022, 12.328829821956159 45.44021114072231)"
"2355","LINESTRING (12.328968893471234 45.44039780088766, 12.32872255512747 45.44056902419329)"
"2356","LINESTRING (12.32868451935769 45.44059358832734, 12.328427644558694 45.440748557155295)"
"2357","LINESTRING (12.328477324215521 45.43986151169579, 12.32844808902601 45.43956293958775)"
"2358","LINESTRING (12.328578342226407 45.439756923085525, 12.328842771508086 45.439615229207774)"
"2359","LINESTRING (12.329021001311535 45.439513576322575, 12.329275899163793 45.439355376812735)"
"2360","LINESTRING (12.329563886582827 45.439172793357564, 12.329816740739057 45.439011347466696)"
"2361","LINESTRING (12.330047747132275 45.43888293656235, 12.329789358983055 45.438730504399274)"
"2362","LINESTRING (12.330753775449082 45.43973839042603, 12.330945995575199 45.43996871937149)"
"2363","LINESTRING (12.331806043757716 45.4409510333959, 12.332034638795573 45.4411453123414)"
"2364","LINESTRING (12.329780103832555 45.44027265118392, 12.330007711589914 45.44046808585021)"
"2365","LINESTRING (12.335581518914339 45.439840445599536, 12.335840229970842 45.43999232907212)"
"2366","LINESTRING (12.336263176466575 45.44009993352707, 12.336560387127536 45.440059119031964)"
"2367","LINESTRING (12.337004409184958 45.440085126019596, 12.33729795266054 45.440147031010866)"
"2368","LINESTRING (12.337747707810152 45.44024753473843, 12.338039478750652 45.440317318105215)"
"2369","LINESTRING (12.336002476413594 45.43945077316559, 12.336294920602999 45.43951767904039)"
"2370","LINESTRING (12.336455686197354 45.43851851455172, 12.336754957841123 45.43849762237049)"
"2371","LINESTRING (12.337261463562179 45.43841637016288, 12.337552457701587 45.43834341530815)"
"2372","LINESTRING (12.337829465654448 45.438040546921336, 12.337800371646654 45.43833913281971)"
"2373","LINESTRING (12.338115800800605 45.43851106142503, 12.338356168133242 45.438690570604194)"
"2374","LINESTRING (12.338178873990143 45.43805113910884, 12.338476090015051 45.43801036369299)"
"2375","LINESTRING (12.333140354724023 45.43589645238964, 12.333398227584603 45.43574315011381)"
"2376","LINESTRING (12.33366053998667 45.435504063595474, 12.333822895869329 45.435251792774)"
"2377","LINESTRING (12.32862719899137 45.44119286407682, 12.328763324618361 45.441460202464775)"
"2378","LINESTRING (12.329004634343471 45.44196582013873, 12.329088165362807 45.442253956510626)"
"2379","LINESTRING (12.329090457929238 45.44106050481552, 12.329278503057191 45.44129425474568)"
"2380","LINESTRING (12.329695939100711 45.44183798296437, 12.329828967984765 45.44210687572368)"
"2381","LINESTRING (12.32963205287887 45.44221894553223, 12.329338333233109 45.442280009185026)"
"2382","LINESTRING (12.328389801792328 45.442357217371, 12.328090055814814 45.442369560343266)"
"2383","LINESTRING (12.32704046547144 45.44238825507656, 12.326740630349862 45.44237831023525)"
"2384","LINESTRING (12.325416355545949 45.44207218200656, 12.325128759645812 45.44198680871903)"
"2385","LINESTRING (12.323759775711112 45.44154803319377, 12.323479650660977 45.44144065555976)"
"2386","LINESTRING (12.32737646280358 45.4423343208913, 12.327404612568673 45.442035644493295)"
"2387","LINESTRING (12.327373477815568 45.441707274879604, 12.32733148543653 45.44141022835109)"
"2388","LINESTRING (12.326259602685028 45.44252808216831, 12.326054076144374 45.44274662013089)"
"2389","LINESTRING (12.325823254685037 45.44312114807963, 12.32571849854314 45.4434022639823)"
"2390","LINESTRING (12.329155517569184 45.44249688957108, 12.329234187491693 45.44278639094119)"
"2391","LINESTRING (12.329468450436112 45.44322401590391, 12.329640755022416 45.443469599147505)"
"2392","LINESTRING (12.329862051611308 45.4437933162268, 12.330015721619247 45.44405097011996)"
"2393","LINESTRING (12.330725613185063 45.44388350497847, 12.331010563697909 45.4437896795809)"
"2394","LINESTRING (12.33165050862498 45.44359180232835, 12.33189892026295 45.44342360108542)"
"2395","LINESTRING (12.331841312125038 45.44343643362069, 12.33158260820412 45.443284537994344)"
"2396","LINESTRING (12.331561686445312 45.44327231199949, 12.331276068204744 45.44318053934205)"
"2397","LINESTRING (12.331548474965123 45.44286235180821, 12.331743692965626 45.44263455819047)"
"2398","LINESTRING (12.332173690691342 45.44161900654931, 12.332420930488784 45.44178892559639)"
"2399","LINESTRING (12.332879700754727 45.44215532298284, 12.333102470748852 45.44235625463719)"
"2400","LINESTRING (12.332472261167522 45.44308632851814, 12.332730231013409 45.442933189500856)"
"2401","LINESTRING (12.333485295659383 45.44264789676755, 12.333750205293061 45.442788690538656)"
"2402","LINESTRING (12.333961559230428 45.442095194185164, 12.333761720857684 45.44187144292868)"
"2403","LINESTRING (12.333268811853971 45.44132720735219, 12.333064970178787 45.441107096990194)"
"2404","LINESTRING (12.334411827419139 45.44235038410015, 12.334675133249497 45.4422066133114)"
"2405","LINESTRING (12.335157592513351 45.4419650449863, 12.335428011392725 45.44183514645021)"
"2406","LINESTRING (12.335911177888251 45.441622666268884, 12.336194357523778 45.441523624388736)"
"2407","LINESTRING (12.33640858740299 45.4415667575449, 12.33657551971289 45.44181602367559)"
"2408","LINESTRING (12.335952474739035 45.441914376616694, 12.336139952651639 45.442148581724)"
"2409","LINESTRING (12.335248015493214 45.442509356673966, 12.335025883846285 45.44230771954585)"
"2410","LINESTRING (12.336838657093644 45.44221848773746, 12.336675361422525 45.44196682422442)"
"2411","LINESTRING (12.331007976049293 45.441346352861466, 12.331222922040489 45.44155563310628)"
"2412","LINESTRING (12.330203643163463 45.44207956955614, 12.330493429356983 45.44200195536901)"
"2413","LINESTRING (12.330971981863811 45.441863619062374, 12.331255780361523 45.441766364691276)"
"2414","LINESTRING (12.33153545248962 45.44165509974123, 12.331809040346867 45.441532015687166)"
"2415","LINESTRING (12.331284426837072 45.442064467239305, 12.331568086798253 45.442162124939586)"
"2416","LINESTRING (12.325487452874537 45.44801659394801, 12.3257767395209 45.44793713807198)"
"2417","LINESTRING (12.32837926153554 45.44721115008769, 12.328667893137292 45.447129346674124)"
"2418","LINESTRING (12.328244912687135 45.44637902184985, 12.32795705449607 45.44646350653389)"
"2419","LINESTRING (12.325413313361699 45.4472715607463, 12.325129380623244 45.44736842250363)"
"2420","LINESTRING (12.323926563794354 45.4479640142809, 12.32407370261666 45.44822545292948)"
"2421","LINESTRING (12.321729427159855 45.4476657581987, 12.32163492602459 45.447381031074194)"
"2422","LINESTRING (12.321478221408482 45.44695124105399, 12.321365809495505 45.446673097994)"
"2423","LINESTRING (12.322954739538126 45.44598666313914, 12.323242482912203 45.44590178822722)"
"2424","LINESTRING (12.325356027078238 45.445440777708434, 12.325655311183615 45.445461490609425)"
"2425","LINESTRING (12.326181623699867 45.445585397188324, 12.326377676159495 45.44581247301943)"
"2426","LINESTRING (12.325285227536783 45.4462221273399, 12.324995596530682 45.446300318645704)"
"2427","LINESTRING (12.322835909612527 45.446847272744336, 12.322543761311083 45.44691545903301)"
"2428","LINESTRING (12.326542344568164 45.44622346491733, 12.326619261778784 45.44651343688617)"
"2429","LINESTRING (12.326933165546441 45.44579064932133, 12.327224766274762 45.44572015807902)"
"2430","LINESTRING (12.328222979781849 45.44547621283699, 12.328514241681184 45.445404334425795)"
"2431","LINESTRING (12.324844091546732 45.44401077692105, 12.324575403719424 45.44414421923614)"
"2432","LINESTRING (12.322870523074753 45.44481302612434, 12.322583267727667 45.44489953835221)"
"2433","LINESTRING (12.321262461021554 45.44536803642453, 12.320991305993267 45.445496391208756)"
"2434","LINESTRING (12.319628489987752 45.44618779814556, 12.319362541849683 45.44632662029025)"
"2435","LINESTRING (12.320421224663594 45.44558318187932, 12.320172560685098 45.445415353914434)"
"2436","LINESTRING (12.321576217403035 45.445053666298286, 12.321387724986387 45.44482027690507)"
"2437","LINESTRING (12.321124487103262 45.444481609200736, 12.32094286823122 45.44424283192937)"
"2438","LINESTRING (12.320777592162235 45.44404745416638, 12.320763940055103 45.44374776496075)"
"2439","LINESTRING (12.320354597260632 45.44335072068424, 12.320145020711962 45.44313606358502)"
"2440","LINESTRING (12.32628739060668 45.44527467099156, 12.326482331406641 45.44504664010656)"
"2441","LINESTRING (12.32682387467692 45.44487291325211, 12.327112553981356 45.44495454816615)"
"2442","LINESTRING (12.327396977046273 45.44517969786922, 12.327570949842087 45.445424102178336)"
"2443","LINESTRING (12.317505562717079 45.444149540345904, 12.317748539884379 45.44397357984985)"
"2444","LINESTRING (12.318770193981504 45.44331015497162, 12.319025578589436 45.44315274244979)"
"2445","LINESTRING (12.318919986044193 45.44443380418225, 12.3191543061603 45.44462113833073)"
"2446","LINESTRING (12.323029737238963 45.44134352099862, 12.32277439507581 45.4415010023617)"
"2447","LINESTRING (12.323023132393484 45.44178641490418, 12.323264585702002 45.44196446068427)"
"2448","LINESTRING (12.323752093649 45.44205013102016, 12.323970918503802 45.441844909961496)"
"2449","LINESTRING (12.341552419504346 45.44200822367061, 12.341377255649142 45.441764671573864)"
"2450","LINESTRING (12.340582742106843 45.440609645131715, 12.340415102552004 45.4403608540956)"
"2451","LINESTRING (12.342219698753837 45.44129479868562, 12.342053235430875 45.441045219114926)"
"2452","LINESTRING (12.341210362210504 45.43961187985971, 12.3410699960315 45.439346743412216)"
"2453","LINESTRING (12.338068726388675 45.439168012716536, 12.338346075540274 45.43905365604596)"
"2454","LINESTRING (12.339007787697701 45.43926663968273, 12.339219037945094 45.439479649853794)"
"2455","LINESTRING (12.336644784090176 45.43958282513234, 12.336944689313995 45.43959036547225)"
"2456","LINESTRING (12.337244133995734 45.43950171847609, 12.337522690413019 45.43939033480408)"
"2457","LINESTRING (12.335130927185311 45.43718305440997, 12.33535004510723 45.43697814629326)"
"2458","LINESTRING (12.336172399873178 45.43634984889956, 12.336415509040407 45.43617407082126)"
"2459","LINESTRING (12.333953790320535 45.4350583895779, 12.334134244067002 45.434818730558895)"
"2460","LINESTRING (12.331433463582174 45.43426866580496, 12.33164419794412 45.43405514524694)"
"2461","LINESTRING (12.334926427613938 45.43460730757817, 12.335223165770847 45.43465142635234)"
"2462","LINESTRING (12.33569848239977 45.434735953462074, 12.33595016698424 45.43489921665432)"
"2463","LINESTRING (12.340262566161211 45.43543213035555, 12.340401143855399 45.43516605475976)"
"2464","LINESTRING (12.340803557837164 45.43422632001512, 12.340901125561393 45.43394262909319)"
"2465","LINESTRING (12.345842982064244 45.4360307354825, 12.345949410875146 45.43575024856977)"
"2466","LINESTRING (12.345755948531181 45.43476045443607, 12.345648274890625 45.43448044303072)"
"2467","LINESTRING (12.347647197055533 45.43574300513202, 12.347837159587197 45.4355108107381)"
"2468","LINESTRING (12.348209817965452 45.43513590893566, 12.348455649469729 45.43496395873501)"
"2469","LINESTRING (12.350599223739485 45.435910874457335, 12.35070600988683 45.436191225520716)"
"2470","LINESTRING (12.351085878885636 45.43700746207957, 12.351230859725666 45.437270103576715)"
"2471","LINESTRING (12.351563498970972 45.437968487638976, 12.351668338080852 45.43824957261018)"
"2472","LINESTRING (12.35228172634665 45.4351740078974, 12.352580022511727 45.43514207988618)"
"2473","LINESTRING (12.353625449580894 45.43540894749889, 12.353757399207113 45.43567837150699)"
"2474","LINESTRING (12.354171669273512 45.43639856156698, 12.354337027621703 45.436648874604366)"
"2475","LINESTRING (12.355905504037178 45.43679277211502, 12.356201613045602 45.436744611393145)"
"2476","LINESTRING (12.350098926025622 45.43436421324949, 12.350035159318304 45.434071068563306)"
"2477","LINESTRING (12.349706236724582 45.433217710905005, 12.349559956329795 45.43295579098194)"
"2478","LINESTRING (12.358201553504452 45.43642767335073, 12.358498226415248 45.436383117947024)"
"2479","LINESTRING (12.352106165168815 45.43287702154555, 12.351822352224753 45.432779809340644)"
"2480","LINESTRING (12.350764248997852 45.4323926371529, 12.350672010136666 45.432107169129324)"
"2481","LINESTRING (12.350692795002468 45.43211086503794, 12.350486794347033 45.431892773933214)"
"2482","LINESTRING (12.351776356618739 45.4321649855459, 12.352075472895894 45.432187995385995)"
"2483","LINESTRING (12.354216127649662 45.43236533059171, 12.354514939842774 45.432392000298265)"
"2484","LINESTRING (12.357396041399236 45.430738233252285, 12.357688116293685 45.43080673329631)"
"2485","LINESTRING (12.359269582422595 45.431472133222854, 12.359197448167297 45.43176333186504)"
"2486","LINESTRING (12.359350294702324 45.43103967076956, 12.359373128848073 45.43074054102883)"
"2487","LINESTRING (12.359391395660015 45.43003070153843, 12.359394905049424 45.429730722065486)"
"2488","LINESTRING (12.3631422255373 45.42794150447635, 12.36320086273973 45.42764729081506)"
"2489","LINESTRING (12.36356524131351 45.42589450735749, 12.363628583985387 45.425601270753496)"
"3096","LINESTRING (12.333610203324792 45.425022758991595, 12.333578529238249 45.42472443575709)"
"3097","LINESTRING (12.333453718070116 45.42388884349132, 12.333398753576889 45.42359392162967)"
"3098","LINESTRING (12.342109634103766 45.428120837266135, 12.342215849778787 45.427840269573096)"
"3099","LINESTRING (12.343021086185592 45.42655980748612, 12.343215752911446 45.426331542583334)"
"3100","LINESTRING (12.34203536124204 45.42631934617017, 12.341912977022623 45.426045444540314)"
"3101","LINESTRING (12.318158810320295 45.428131667154666, 12.31802698725959 45.42786218119833)"
"3102","LINESTRING (12.317486797624987 45.426755428704645, 12.317355439067619 45.42648571602529)"
"3103","LINESTRING (12.34623006368134 45.45941873847938, 12.346376696524565 45.45968046125119)"
"3104","LINESTRING (12.347112478832626 45.459991079824306, 12.347408469616392 45.460039961885684)"
"3105","LINESTRING (12.345160699836539 45.45485476378224, 12.345189448175235 45.45515338316041)"
"3106","LINESTRING (12.345960156655396 45.4557369839852, 12.346240274564797 45.455844380245985)"
"3107","LINESTRING (12.352802130171469 45.45450878637941, 12.352862955660292 45.45480255543821)"
"3108","LINESTRING (12.352868801144071 45.45523508499965, 12.352843738247975 45.455534036251926)"
"3109","LINESTRING (12.350391193935884 45.4521170698634, 12.350604664576913 45.45232785479032)"
"3110","LINESTRING (12.351894433042037 45.453556859003456, 12.35211525416619 45.453759930496105)"
"3111","LINESTRING (12.411542978358188 45.48761021091495, 12.411838888482709 45.48765957890261)"
"3112","LINESTRING (12.412851867871531 45.487774892254365, 12.413106350045428 45.487616024941275)"
"3113","LINESTRING (12.419720665956484 45.4866868541807, 12.419879577321796 45.48643239951287)"
"3114","LINESTRING (12.420328115041533 45.48559474057217, 12.420446444297406 45.485319062885)"
"3115","LINESTRING (12.41601506954696 45.48503748683359, 12.416260068387688 45.484864352296185)"
"3116","LINESTRING (12.417359634119736 45.483976402677364, 12.417579467355926 45.483772262166276)"
"3117","LINESTRING (12.40578809715519 45.4863857939435, 12.405924212171028 45.48611845015273)"
"3118","LINESTRING (12.406126839963473 45.485243952069546, 12.406111801717046 45.48494432922137)"
"2490","LINESTRING (12.339097040768499 45.438843634795724, 12.33939222808708 45.43879011426743)"
"2491","LINESTRING (12.328373146454501 45.43965540965789, 12.32827270082264 45.43937272489522)"
"2492","LINESTRING (12.332518175342152 45.43354242372252, 12.332794492418753 45.43365925211453)"
"2493","LINESTRING (12.314317552724804 45.43731568883918, 12.314113563812617 45.43709571492322)"
"2494","LINESTRING (12.312983566121385 45.43583901019633, 12.31278513098314 45.43561401353878)"
"2495","LINESTRING (12.311527918135923 45.43414908378818, 12.311336153899465 45.433918375145915)"
"3119","LINESTRING (12.341238639271241 45.37441621086161, 12.341491172281208 45.3745781586275)"
"3120","LINESTRING (12.342560120005428 45.37559075659027, 12.342748765394914 45.37582402235506)"
"2496","LINESTRING (12.322253950902601 45.44075570680256, 12.322507083559975 45.44091671567739)"
"2497","LINESTRING (12.321278086470548 45.439984743037535, 12.321069495064949 45.43976912850761)"
"2498","LINESTRING (12.338791594972289 45.441070066440005, 12.338901669788463 45.44134914265692)"
"2499","LINESTRING (12.338958342482146 45.44154150700939, 12.339015764135445 45.44183596032272)"
"2500","LINESTRING (12.339051900859811 45.440633105776634, 12.339249426062842 45.44040730986399)"
"2505","LINESTRING (12.339546035670299 45.44009521986948, 12.339562600775054 45.43979567755643)"
"2501","LINESTRING (12.336378544524349 45.434631026528166, 12.336622670197487 45.4344566629548)"
"2502","LINESTRING (12.337517957513866 45.43438698038649, 12.3377927868832 45.43450726678536)"
"2503","LINESTRING (12.324511451078795 45.436685566715234, 12.324771930768378 45.4365367368415)"
"3122","LINESTRING (12.346763844291656 45.45813359124852, 12.34704846262718 45.45803876296643)"
"3123","LINESTRING (12.351407526210018 45.45691209212095, 12.35164498309662 45.45672875028992)"
"3124","LINESTRING (12.354317146479332 45.45581086722113, 12.35461713846692 45.45580867464693)"
"2504","LINESTRING (12.33883009144553 45.4336026213284, 12.338945717283902 45.433325798884404)"
"3125","LINESTRING (12.417140460513686 45.485998976522275, 12.417389397600878 45.48583155392338)"
